UniqueSampleID	MetaID	Investigator	LibraryDate	Index1	Index2	Platform	SchlossID	PcrCycles	QubitAfterPrep	TagmentationTime	AvgFragmentLength	CoreSampleNumber	Index1	Barcode1	RevCompBarcode1	Adapter1	Index2	Barcode2	Adapter2	UniqueSampleID	SampleID	ProjectID	StudyID	Processor	QubitConc	PureDate	HostOrg	TimePoint	Disease
25	MG100125	Hannigan	0000-00-00	N701	S517	HS4K	NexteraXT004	12	1.897	10	510	72191	N701	TAAGGCGA	TCGCCTTA	CCGAGCCCACGAGACTCGCCTTA	S517	GCGTAAGA	GACGCTGCCGACGAGCGTAAGAGTGTAGATCTCGGTGGTCGCCGTATCATT	25	C01	cchum003	ColonCancer	GH	0.03060	2016-06-06	Human	0	Cancer
26	MG100126	Hannigan	0000-00-00	N702	S517	HS4K	NexteraXT004	12	1.247	10	510	72199	N702	CGTACTAG	CTAGTACG	CCGAGCCCACGAGACCTAGTACG	S517	GCGTAAGA	GACGCTGCCGACGAGCGTAAGAGTGTAGATCTCGGTGGTCGCCGTATCATT	26	C02	cchum003	ColonCancer	GH	0.50600	2016-06-06	Human	0	Cancer
46	MG100127	Hannigan	0000-00-00	N703	S517	HS4K	NexteraXT004	12	1.985	10	510	72206	N703	AGGCAGAA	TTCTGCCT	CCGAGCCCACGAGACTTCTGCCT	S517	GCGTAAGA	GACGCTGCCGACGAGCGTAAGAGTGTAGATCTCGGTGGTCGCCGTATCATT	46	C03	cchum003	ColonCancer	GH	0.00000	2016-06-29	Human	0	Cancer
47	MG100128	Hannigan	0000-00-00	N704	S517	HS4K	NexteraXT004	12	0.603	10	510	72213	N704	TCCTGAGC	GCTCAGGA	CCGAGCCCACGAGACGCTCAGGA	S517	GCGTAAGA	GACGCTGCCGACGAGCGTAAGAGTGTAGATCTCGGTGGTCGCCGTATCATT	47	C04	cchum003	ColonCancer	GH	0.00000	2016-06-29	Human	0	Cancer
23	MG100129	Hannigan	0000-00-00	N705	S517	HS4K	NexteraXT004	12	1.856	10	510	72220	N705	GGACTCCT	AGGAGTCC	CCGAGCCCACGAGACAGGAGTCC	S517	GCGTAAGA	GACGCTGCCGACGAGCGTAAGAGTGTAGATCTCGGTGGTCGCCGTATCATT	23	C05	cchum003	ColonCancer	GH	0.14400	2016-06-06	Human	0	Cancer
112	MG100130	Hannigan	0000-00-00	N706	S517	HS4K	NexteraXT004	12	1.833	10	510	72227	N706	TAGGCATG	CATGCCTA	CCGAGCCCACGAGACCATGCCTA	S517	GCGTAAGA	GACGCTGCCGACGAGCGTAAGAGTGTAGATCTCGGTGGTCGCCGTATCATT	112	C06	cchum003	ColonCancer	GH	0.99999	2000-01-01	na	0	Cancer
66	MG100131	Hannigan	0000-00-00	N707	S517	HS4K	NexteraXT004	12	2.278	10	510	72234	N707	CTCTCTAC	GTAGAGAG	CCGAGCCCACGAGACGTAGAGAG	S517	GCGTAAGA	GACGCTGCCGACGAGCGTAAGAGTGTAGATCTCGGTGGTCGCCGTATCATT	66	C08	cchum003	ColonCancer	GH	0.04160	2016-08-01	Human	0	Cancer
67	MG100132	Hannigan	0000-00-00	N708	S517	HS4K	NexteraXT004	12	2.310	10	510	72241	N708	CAGAGAGG	CCTCTCTG	CCGAGCCCACGAGACCCTCTCTG	S517	GCGTAAGA	GACGCTGCCGACGAGCGTAAGAGTGTAGATCTCGGTGGTCGCCGTATCATT	67	C09	cchum003	ColonCancer	GH	0.01600	2016-08-01	Human	0	Cancer
69	MG100133	Hannigan	0000-00-00	N709	S517	HS4K	NexteraXT004	12	1.322	10	510	72248	N709	GCTACGCT	AGCGTAGC	CCGAGCCCACGAGACAGCGTAGC	S517	GCGTAAGA	GACGCTGCCGACGAGCGTAAGAGTGTAGATCTCGGTGGTCGCCGTATCATT	69	C10	cchum003	ColonCancer	GH	0.02320	2016-08-03	Human	0	Cancer
24	MG100134	Hannigan	0000-00-00	N710	S517	HS4K	NexteraXT004	12	1.728	10	510	72255	N710	CGAGGCTG	CAGCCTCG	CCGAGCCCACGAGACCAGCCTCG	S517	GCGTAAGA	GACGCTGCCGACGAGCGTAAGAGTGTAGATCTCGGTGGTCGCCGTATCATT	24	C11	cchum003	ColonCancer	GH	0.01680	2016-06-06	Human	0	Cancer
70	MG100135	Hannigan	0000-00-00	N711	S517	HS4K	NexteraXT004	12	-0.728	10	510	72262	N711	AAGAGGCA	TGCCTCTT	CCGAGCCCACGAGACTGCCTCTT	S517	GCGTAAGA	GACGCTGCCGACGAGCGTAAGAGTGTAGATCTCGGTGGTCGCCGTATCATT	70	C12	cchum003	ColonCancer	GH	0.00000	2016-08-03	Human	0	Cancer
33	MG100136	Hannigan	0000-00-00	N712	S517	HS4K	NexteraXT004	12	2.609	10	510	72269	N712	GTAGAGGA	TCCTCTAC	CCGAGCCCACGAGACTCCTCTAC	S517	GCGTAAGA	GACGCTGCCGACGAGCGTAAGAGTGTAGATCTCGGTGGTCGCCGTATCATT	33	C13	cchum003	ColonCancer	GH	0.12200	2016-06-08	Human	0	Cancer
34	MG100137	Hannigan	0000-00-00	N701	S502	HS4K	NexteraXT004	12	0.456	10	510	72192	N701	TAAGGCGA	TCGCCTTA	CCGAGCCCACGAGACTCGCCTTA	S502	CTCTCTAT	GACGCTGCCGACGACTCTCTATGTGTAGATCTCGGTGGTCGCCGTATCATT	34	C14	cchum003	ColonCancer	GH	0.24400	2016-06-08	Human	0	Cancer
35	MG100138	Hannigan	0000-00-00	N702	S502	HS4K	NexteraXT004	12	1.492	10	510	72200	N702	CGTACTAG	CTAGTACG	CCGAGCCCACGAGACCTAGTACG	S502	CTCTCTAT	GACGCTGCCGACGACTCTCTATGTGTAGATCTCGGTGGTCGCCGTATCATT	35	C15	cchum003	ColonCancer	GH	0.48800	2016-06-08	Human	0	Cancer
36	MG100139	Hannigan	0000-00-00	N703	S502	HS4K	NexteraXT004	12	2.289	10	510	72207	N703	AGGCAGAA	TTCTGCCT	CCGAGCCCACGAGACTTCTGCCT	S502	CTCTCTAT	GACGCTGCCGACGACTCTCTATGTGTAGATCTCGGTGGTCGCCGTATCATT	36	C16	cchum003	ColonCancer	GH	0.13300	2016-06-08	Human	0	Cancer
37	MG100140	Hannigan	0000-00-00	N704	S502	HS4K	NexteraXT004	12	1.025	10	510	72214	N704	TCCTGAGC	GCTCAGGA	CCGAGCCCACGAGACGCTCAGGA	S502	CTCTCTAT	GACGCTGCCGACGACTCTCTATGTGTAGATCTCGGTGGTCGCCGTATCATT	37	C17	cchum003	ColonCancer	GH	0.18300	2016-06-08	Human	0	Cancer
81	MG100141	Hannigan	0000-00-00	N705	S502	HS4K	NexteraXT004	12	1.274	10	510	72221	N705	GGACTCCT	AGGAGTCC	CCGAGCCCACGAGACAGGAGTCC	S502	CTCTCTAT	GACGCTGCCGACGACTCTCTATGTGTAGATCTCGGTGGTCGCCGTATCATT	81	C18	cchum003	ColonCancer	GH	0.05960	2016-08-09	Human	0	Cancer
82	MG100142	Hannigan	0000-00-00	N706	S502	HS4K	NexteraXT004	12	-0.608	10	510	72228	N706	TAGGCATG	CATGCCTA	CCGAGCCCACGAGACCATGCCTA	S502	CTCTCTAT	GACGCTGCCGACGACTCTCTATGTGTAGATCTCGGTGGTCGCCGTATCATT	82	C19	cchum003	ColonCancer	GH	0.04600	2016-08-09	Human	0	Cancer
83	MG100143	Hannigan	0000-00-00	N707	S502	HS4K	NexteraXT004	12	2.546	10	510	72235	N707	CTCTCTAC	GTAGAGAG	CCGAGCCCACGAGACGTAGAGAG	S502	CTCTCTAT	GACGCTGCCGACGACTCTCTATGTGTAGATCTCGGTGGTCGCCGTATCATT	83	C20	cchum003	ColonCancer	GH	0.08440	2016-08-09	Human	0	Cancer
97	MG100144	Hannigan	0000-00-00	N708	S502	HS4K	NexteraXT004	12	1.519	10	510	72242	N708	CAGAGAGG	CCTCTCTG	CCGAGCCCACGAGACCCTCTCTG	S502	CTCTCTAT	GACGCTGCCGACGACTCTCTATGTGTAGATCTCGGTGGTCGCCGTATCATT	97	C22	cchum003	ColonCancer	GH	0.10300	2016-08-13	Human	0	Cancer
98	MG100145	Hannigan	0000-00-00	N709	S502	HS4K	NexteraXT004	12	1.462	10	510	72249	N709	GCTACGCT	AGCGTAGC	CCGAGCCCACGAGACAGCGTAGC	S502	CTCTCTAT	GACGCTGCCGACGACTCTCTATGTGTAGATCTCGGTGGTCGCCGTATCATT	98	C23	cchum003	ColonCancer	GH	0.03720	2016-08-13	Human	0	Cancer
49	MG100146	Hannigan	0000-00-00	N710	S502	HS4K	NexteraXT004	12	2.175	10	510	72256	N710	CGAGGCTG	CAGCCTCG	CCGAGCCCACGAGACCAGCCTCG	S502	CTCTCTAT	GACGCTGCCGACGACTCTCTATGTGTAGATCTCGGTGGTCGCCGTATCATT	49	C24	cchum003	ColonCancer	GH	0.00000	2016-06-29	Human	0	Cancer
99	MG100147	Hannigan	0000-00-00	N711	S502	HS4K	NexteraXT004	12	1.367	10	510	72263	N711	AAGAGGCA	TGCCTCTT	CCGAGCCCACGAGACTGCCTCTT	S502	CTCTCTAT	GACGCTGCCGACGACTCTCTATGTGTAGATCTCGGTGGTCGCCGTATCATT	99	C25	cchum003	ColonCancer	GH	0.03720	2016-08-13	Human	0	Cancer
100	MG100148	Hannigan	0000-00-00	N712	S502	HS4K	NexteraXT004	12	1.098	10	510	72270	N712	GTAGAGGA	TCCTCTAC	CCGAGCCCACGAGACTCCTCTAC	S502	CTCTCTAT	GACGCTGCCGACGACTCTCTATGTGTAGATCTCGGTGGTCGCCGTATCATT	100	C26	cchum003	ColonCancer	GH	0.05880	2016-08-13	Human	0	Cancer
90	MG100149	Hannigan	0000-00-00	N701	S503	HS4K	NexteraXT004	12	0.430	10	510	72193	N701	TAAGGCGA	TCGCCTTA	CCGAGCCCACGAGACTCGCCTTA	S503	TATCCTCT	GACGCTGCCGACGATATCCTCTGTGTAGATCTCGGTGGTCGCCGTATCATT	90	C27	cchum003	ColonCancer	GH	0.05040	2016-08-12	Human	0	Cancer
91	MG100150	Hannigan	0000-00-00	N702	S503	HS4K	NexteraXT004	12	2.215	10	510	72201	N702	CGTACTAG	CTAGTACG	CCGAGCCCACGAGACCTAGTACG	S503	TATCCTCT	GACGCTGCCGACGATATCCTCTGTGTAGATCTCGGTGGTCGCCGTATCATT	91	C28	cchum003	ColonCancer	GH	0.19400	2016-08-12	Human	0	Cancer
71	MG100151	Hannigan	0000-00-00	N703	S503	HS4K	NexteraXT004	12	1.811	10	510	72208	N703	AGGCAGAA	TTCTGCCT	CCGAGCCCACGAGACTTCTGCCT	S503	TATCCTCT	GACGCTGCCGACGATATCCTCTGTGTAGATCTCGGTGGTCGCCGTATCATT	71	C29	cchum003	ColonCancer	GH	0.04960	2016-08-03	Human	0	Cancer
72	MG100152	Hannigan	0000-00-00	N704	S503	HS4K	NexteraXT004	12	0.916	10	510	72215	N704	TCCTGAGC	GCTCAGGA	CCGAGCCCACGAGACGCTCAGGA	S503	TATCCTCT	GACGCTGCCGACGATATCCTCTGTGTAGATCTCGGTGGTCGCCGTATCATT	72	C30	cchum003	ColonCancer	GH	0.33500	2016-08-03	Human	0	Cancer
43	MG100153	Hannigan	0000-00-00	N705	S503	HS4K	NexteraXT004	12	0.295	10	510	72222	N705	GGACTCCT	AGGAGTCC	CCGAGCCCACGAGACAGGAGTCC	S503	TATCCTCT	GACGCTGCCGACGATATCCTCTGTGTAGATCTCGGTGGTCGCCGTATCATT	43	H01	cchum003	ColonCancer	GH	0.05100	2016-06-29	Human	0	Healthy
55	MG100154	Hannigan	0000-00-00	N706	S503	HS4K	NexteraXT004	12	1.787	10	510	72229	N706	TAGGCATG	CATGCCTA	CCGAGCCCACGAGACCATGCCTA	S503	TATCCTCT	GACGCTGCCGACGATATCCTCTGTGTAGATCTCGGTGGTCGCCGTATCATT	55	H02	cchum003	ColonCancer	GH	0.02840	2016-07-12	Human	0	Healthy
56	MG100155	Hannigan	0000-00-00	N707	S503	HS4K	NexteraXT004	12	1.583	10	510	72236	N707	CTCTCTAC	GTAGAGAG	CCGAGCCCACGAGACGTAGAGAG	S503	TATCCTCT	GACGCTGCCGACGATATCCTCTGTGTAGATCTCGGTGGTCGCCGTATCATT	56	H03	cchum003	ColonCancer	GH	0.00000	2016-07-12	Human	0	Healthy
57	MG100156	Hannigan	0000-00-00	N708	S503	HS4K	NexteraXT004	12	0.798	10	510	72243	N708	CAGAGAGG	CCTCTCTG	CCGAGCCCACGAGACCCTCTCTG	S503	TATCCTCT	GACGCTGCCGACGATATCCTCTGTGTAGATCTCGGTGGTCGCCGTATCATT	57	H04	cchum003	ColonCancer	GH	0.02920	2016-07-12	Human	0	Healthy
58	MG100157	Hannigan	0000-00-00	N709	S503	HS4K	NexteraXT004	12	1.784	10	510	72250	N709	GCTACGCT	AGCGTAGC	CCGAGCCCACGAGACAGCGTAGC	S503	TATCCTCT	GACGCTGCCGACGATATCCTCTGTGTAGATCTCGGTGGTCGCCGTATCATT	58	H05	cchum003	ColonCancer	GH	0.05440	2016-07-12	Human	0	Healthy
38	MG100158	Hannigan	0000-00-00	N710	S503	HS4K	NexteraXT004	12	2.794	10	510	72257	N710	CGAGGCTG	CAGCCTCG	CCGAGCCCACGAGACCAGCCTCG	S503	TATCCTCT	GACGCTGCCGACGATATCCTCTGTGTAGATCTCGGTGGTCGCCGTATCATT	38	H06	cchum003	ColonCancer	GH	0.05800	2016-06-08	Human	0	Healthy
39	MG100159	Hannigan	0000-00-00	N711	S503	HS4K	NexteraXT004	12	2.030	10	510	72264	N711	AAGAGGCA	TGCCTCTT	CCGAGCCCACGAGACTGCCTCTT	S503	TATCCTCT	GACGCTGCCGACGATATCCTCTGTGTAGATCTCGGTGGTCGCCGTATCATT	39	H07	cchum003	ColonCancer	GH	0.09780	2016-06-08	Human	0	Healthy
40	MG100160	Hannigan	0000-00-00	N712	S503	HS4K	NexteraXT004	12	0.241	10	510	72271	N712	GTAGAGGA	TCCTCTAC	CCGAGCCCACGAGACTCCTCTAC	S503	TATCCTCT	GACGCTGCCGACGATATCCTCTGTGTAGATCTCGGTGGTCGCCGTATCATT	40	H08	cchum003	ColonCancer	GH	0.11700	2016-06-08	Human	0	Healthy
41	MG100161	Hannigan	0000-00-00	N701	S504	HS4K	NexteraXT004	12	1.243	10	510	72194	N701	TAAGGCGA	TCGCCTTA	CCGAGCCCACGAGACTCGCCTTA	S504	AGAGTAGA	GACGCTGCCGACGAAGAGTAGAGTGTAGATCTCGGTGGTCGCCGTATCATT	41	H09	cchum003	ColonCancer	GH	0.03480	2016-06-08	Human	0	Healthy
31	MG100162	Hannigan	0000-00-00	N702	S504	HS4K	NexteraXT004	12	0.919	10	510	72202	N702	CGTACTAG	CTAGTACG	CCGAGCCCACGAGACCTAGTACG	S504	AGAGTAGA	GACGCTGCCGACGAAGAGTAGAGTGTAGATCTCGGTGGTCGCCGTATCATT	31	H10	cchum003	ColonCancer	GH	0.29800	2016-06-06	Human	0	Healthy
30	MG100163	Hannigan	0000-00-00	N703	S504	HS4K	NexteraXT004	12	-0.399	10	510	72209	N703	AGGCAGAA	TTCTGCCT	CCGAGCCCACGAGACTTCTGCCT	S504	AGAGTAGA	GACGCTGCCGACGAAGAGTAGAGTGTAGATCTCGGTGGTCGCCGTATCATT	30	H11	cchum003	ColonCancer	GH	0.01420	2016-06-06	Human	0	Healthy
59	MG100164	Hannigan	0000-00-00	N704	S504	HS4K	NexteraXT004	12	0.573	10	510	72216	N704	TCCTGAGC	GCTCAGGA	CCGAGCCCACGAGACGCTCAGGA	S504	AGAGTAGA	GACGCTGCCGACGAAGAGTAGAGTGTAGATCTCGGTGGTCGCCGTATCATT	59	H12	cchum003	ColonCancer	GH	0.03360	2016-07-12	Human	0	Healthy
61	MG100165	Hannigan	0000-00-00	N705	S504	HS4K	NexteraXT004	12	2.295	10	510	72223	N705	GGACTCCT	AGGAGTCC	CCGAGCCCACGAGACAGGAGTCC	S504	AGAGTAGA	GACGCTGCCGACGAAGAGTAGAGTGTAGATCTCGGTGGTCGCCGTATCATT	61	H13	cchum003	ColonCancer	GH	0.07600	2016-08-01	Human	0	Healthy
62	MG100166	Hannigan	0000-00-00	N706	S504	HS4K	NexteraXT004	12	1.280	10	510	72230	N706	TAGGCATG	CATGCCTA	CCGAGCCCACGAGACCATGCCTA	S504	AGAGTAGA	GACGCTGCCGACGAAGAGTAGAGTGTAGATCTCGGTGGTCGCCGTATCATT	62	H14	cchum003	ColonCancer	GH	0.04360	2016-08-01	Human	0	Healthy
63	MG100167	Hannigan	0000-00-00	N707	S504	HS4K	NexteraXT004	12	2.256	10	510	72237	N707	CTCTCTAC	GTAGAGAG	CCGAGCCCACGAGACGTAGAGAG	S504	AGAGTAGA	GACGCTGCCGACGAAGAGTAGAGTGTAGATCTCGGTGGTCGCCGTATCATT	63	H15	cchum003	ColonCancer	GH	0.02080	2016-08-01	Human	0	Healthy
64	MG100168	Hannigan	0000-00-00	N708	S504	HS4K	NexteraXT004	12	1.946	10	510	72244	N708	CAGAGAGG	CCTCTCTG	CCGAGCCCACGAGACCCTCTCTG	S504	AGAGTAGA	GACGCTGCCGACGAAGAGTAGAGTGTAGATCTCGGTGGTCGCCGTATCATT	64	H16	cchum003	ColonCancer	GH	0.04760	2016-08-01	Human	0	Healthy
65	MG100169	Hannigan	0000-00-00	N709	S504	HS4K	NexteraXT004	12	4.315	10	510	72251	N709	GCTACGCT	AGCGTAGC	CCGAGCCCACGAGACAGCGTAGC	S504	AGAGTAGA	GACGCTGCCGACGAAGAGTAGAGTGTAGATCTCGGTGGTCGCCGTATCATT	65	H17	cchum003	ColonCancer	GH	0.02720	2016-08-01	Human	0	Healthy
92	MG100170	Hannigan	0000-00-00	N710	S504	HS4K	NexteraXT004	12	2.731	10	510	72258	N710	CGAGGCTG	CAGCCTCG	CCGAGCCCACGAGACCAGCCTCG	S504	AGAGTAGA	GACGCTGCCGACGAAGAGTAGAGTGTAGATCTCGGTGGTCGCCGTATCATT	92	H19	cchum003	ColonCancer	GH	0.09720	2016-08-12	Human	0	Healthy
93	MG100171	Hannigan	0000-00-00	N711	S504	HS4K	NexteraXT004	12	2.899	10	510	72265	N711	AAGAGGCA	TGCCTCTT	CCGAGCCCACGAGACTGCCTCTT	S504	AGAGTAGA	GACGCTGCCGACGAAGAGTAGAGTGTAGATCTCGGTGGTCGCCGTATCATT	93	H20	cchum003	ColonCancer	GH	0.02760	2016-08-12	Human	0	Healthy
101	MG100172	Hannigan	0000-00-00	N712	S504	HS4K	NexteraXT004	12	1.422	10	510	72272	N712	GTAGAGGA	TCCTCTAC	CCGAGCCCACGAGACTCCTCTAC	S504	AGAGTAGA	GACGCTGCCGACGAAGAGTAGAGTGTAGATCTCGGTGGTCGCCGTATCATT	101	H21	cchum003	ColonCancer	GH	0.02200	2016-08-13	Human	0	Healthy
102	MG100173	Hannigan	0000-00-00	N701	S505	HS4K	NexteraXT004	12	1.024	10	510	72195	N701	TAAGGCGA	TCGCCTTA	CCGAGCCCACGAGACTCGCCTTA	S505	GTAAGGAG	GACGCTGCCGACGAGTAAGGAGGTGTAGATCTCGGTGGTCGCCGTATCATT	102	H22	cchum003	ColonCancer	GH	0.06000	2016-08-13	Human	0	Healthy
103	MG100174	Hannigan	0000-00-00	N702	S505	HS4K	NexteraXT004	12	0.512	10	510	72203	N702	CGTACTAG	CTAGTACG	CCGAGCCCACGAGACCTAGTACG	S505	GTAAGGAG	GACGCTGCCGACGAGTAAGGAGGTGTAGATCTCGGTGGTCGCCGTATCATT	103	H23	cchum003	ColonCancer	GH	0.00000	2016-08-13	Human	0	Healthy
27	MG100175	Hannigan	0000-00-00	N703	S505	HS4K	NexteraXT004	12	1.379	10	510	72210	N703	AGGCAGAA	TTCTGCCT	CCGAGCCCACGAGACTTCTGCCT	S505	GTAAGGAG	GACGCTGCCGACGAGTAAGGAGGTGTAGATCTCGGTGGTCGCCGTATCATT	27	H24	cchum003	ColonCancer	GH	0.04940	2016-06-06	Human	0	Healthy
109	MG100176	Hannigan	0000-00-00	N704	S505	HS4K	NexteraXT004	12	0.859	10	510	72217	N704	TCCTGAGC	GCTCAGGA	CCGAGCCCACGAGACGCTCAGGA	S505	GTAAGGAG	GACGCTGCCGACGAGTAAGGAGGTGTAGATCTCGGTGGTCGCCGTATCATT	109	H25	cchum003	ColonCancer	GH	0.05960	2016-08-08	Human	0	Healthy
28	MG100177	Hannigan	0000-00-00	N705	S505	HS4K	NexteraXT004	12	1.587	10	510	72224	N705	GGACTCCT	AGGAGTCC	CCGAGCCCACGAGACAGGAGTCC	S505	GTAAGGAG	GACGCTGCCGACGAGTAAGGAGGTGTAGATCTCGGTGGTCGCCGTATCATT	28	H26	cchum003	ColonCancer	GH	0.02280	2016-06-06	Human	0	Healthy
110	MG100178	Hannigan	0000-00-00	N706	S505	HS4K	NexteraXT004	12	2.278	10	510	72231	N706	TAGGCATG	CATGCCTA	CCGAGCCCACGAGACCATGCCTA	S505	GTAAGGAG	GACGCTGCCGACGAGTAAGGAGGTGTAGATCTCGGTGGTCGCCGTATCATT	110	H28	cchum003	ColonCancer	GH	0.04600	2016-08-08	Human	0	Healthy
111	MG100179	Hannigan	0000-00-00	N707	S505	HS4K	NexteraXT004	12	0.793	10	510	72238	N707	CTCTCTAC	GTAGAGAG	CCGAGCCCACGAGACGTAGAGAG	S505	GTAAGGAG	GACGCTGCCGACGAGTAAGGAGGTGTAGATCTCGGTGGTCGCCGTATCATT	111	H29	cchum003	ColonCancer	GH	0.08440	2016-08-08	Human	0	Healthy
29	MG100180	Hannigan	0000-00-00	N708	S505	HS4K	NexteraXT004	12	3.097	10	510	72245	N708	CAGAGAGG	CCTCTCTG	CCGAGCCCACGAGACCCTCTCTG	S505	GTAAGGAG	GACGCTGCCGACGAGTAAGGAGGTGTAGATCTCGGTGGTCGCCGTATCATT	29	H30	cchum003	ColonCancer	GH	0.03720	2016-06-06	Human	0	Healthy
45	MG100181	Hannigan	0000-00-00	N709	S505	HS4K	NexteraXT004	12	0.640	10	510	72252	N709	GCTACGCT	AGCGTAGC	CCGAGCCCACGAGACAGCGTAGC	S505	GTAAGGAG	GACGCTGCCGACGAGTAAGGAGGTGTAGATCTCGGTGGTCGCCGTATCATT	45	A01	cchum003	ColonCancer	GH	0.14800	2016-06-29	Human	0	Adenoma
14	MG100182	Hannigan	0000-00-00	N710	S505	HS4K	NexteraXT004	12	2.328	10	510	72259	N710	CGAGGCTG	CAGCCTCG	CCGAGCCCACGAGACCAGCCTCG	S505	GTAAGGAG	GACGCTGCCGACGAGTAAGGAGGTGTAGATCTCGGTGGTCGCCGTATCATT	14	A02	cchum001	ColonCancer	GH	0.02340	2016-03-09	Human	0	Adenoma
44	MG100183	Hannigan	0000-00-00	N711	S505	HS4K	NexteraXT004	12	-0.738	10	510	72266	N711	AAGAGGCA	TGCCTCTT	CCGAGCCCACGAGACTGCCTCTT	S505	GTAAGGAG	GACGCTGCCGACGAGTAAGGAGGTGTAGATCTCGGTGGTCGCCGTATCATT	44	A03	cchum003	ColonCancer	GH	0.38100	2016-06-29	Human	0	Adenoma
15	MG100184	Hannigan	0000-00-00	N712	S505	HS4K	NexteraXT004	12	0.666	10	510	72273	N712	GTAGAGGA	TCCTCTAC	CCGAGCCCACGAGACTCCTCTAC	S505	GTAAGGAG	GACGCTGCCGACGAGTAAGGAGGTGTAGATCTCGGTGGTCGCCGTATCATT	15	A04	cchum001	ColonCancer	GH	0.04700	2016-03-09	Human	0	Adenoma
16	MG100185	Hannigan	0000-00-00	N701	S506	HS4K	NexteraXT004	12	-0.352	10	510	72196	N701	TAAGGCGA	TCGCCTTA	CCGAGCCCACGAGACTCGCCTTA	S506	ACTGCATA	GACGCTGCCGACGAACTGCATAGTGTAGATCTCGGTGGTCGCCGTATCATT	16	A05	cchum001	ColonCancer	GH	0.07180	2016-03-09	Human	0	Adenoma
17	MG100186	Hannigan	0000-00-00	N702	S506	HS4K	NexteraXT004	12	0.492	10	510	72204	N702	CGTACTAG	CTAGTACG	CCGAGCCCACGAGACCTAGTACG	S506	ACTGCATA	GACGCTGCCGACGAACTGCATAGTGTAGATCTCGGTGGTCGCCGTATCATT	17	A06	cchum001	ColonCancer	GH	0.01800	2016-03-09	Human	0	Adenoma
19	MG100187	Hannigan	0000-00-00	N703	S506	HS4K	NexteraXT004	12	0.640	10	510	72211	N703	AGGCAGAA	TTCTGCCT	CCGAGCCCACGAGACTTCTGCCT	S506	ACTGCATA	GACGCTGCCGACGAACTGCATAGTGTAGATCTCGGTGGTCGCCGTATCATT	19	A07	cchum002	ColonCancer	GH	0.03640	2016-03-11	Human	0	Adenoma
48	MG100188	Hannigan	0000-00-00	N704	S506	HS4K	NexteraXT004	12	0.698	10	510	72218	N704	TCCTGAGC	GCTCAGGA	CCGAGCCCACGAGACGCTCAGGA	S506	ACTGCATA	GACGCTGCCGACGAACTGCATAGTGTAGATCTCGGTGGTCGCCGTATCATT	48	A09	cchum003	ColonCancer	GH	0.00000	2016-06-29	Human	0	Adenoma
51	MG100189	Hannigan	0000-00-00	N705	S506	HS4K	NexteraXT004	12	0.121	10	510	72225	N705	GGACTCCT	AGGAGTCC	CCGAGCCCACGAGACAGGAGTCC	S506	ACTGCATA	GACGCTGCCGACGAACTGCATAGTGTAGATCTCGGTGGTCGCCGTATCATT	51	A10	cchum003	ColonCancer	GH	0.14900	2016-07-12	Human	0	Adenoma
52	MG100190	Hannigan	0000-00-00	N706	S506	HS4K	NexteraXT004	12	0.602	10	510	72232	N706	TAGGCATG	CATGCCTA	CCGAGCCCACGAGACCATGCCTA	S506	ACTGCATA	GACGCTGCCGACGAACTGCATAGTGTAGATCTCGGTGGTCGCCGTATCATT	52	A11	cchum003	ColonCancer	GH	0.02960	2016-07-12	Human	0	Adenoma
53	MG100191	Hannigan	0000-00-00	N707	S506	HS4K	NexteraXT004	12	1.922	10	510	72239	N707	CTCTCTAC	GTAGAGAG	CCGAGCCCACGAGACGTAGAGAG	S506	ACTGCATA	GACGCTGCCGACGAACTGCATAGTGTAGATCTCGGTGGTCGCCGTATCATT	53	A12	cchum003	ColonCancer	GH	0.03280	2016-07-12	Human	0	Adenoma
54	MG100192	Hannigan	0000-00-00	N708	S506	HS4K	NexteraXT004	12	2.434	10	510	72246	N708	CAGAGAGG	CCTCTCTG	CCGAGCCCACGAGACCCTCTCTG	S506	ACTGCATA	GACGCTGCCGACGAACTGCATAGTGTAGATCTCGGTGGTCGCCGTATCATT	54	A13	cchum003	ColonCancer	GH	0.05960	2016-07-12	Human	0	Adenoma
78	MG100193	Hannigan	0000-00-00	N709	S506	HS4K	NexteraXT004	12	0.336	10	510	72253	N709	GCTACGCT	AGCGTAGC	CCGAGCCCACGAGACAGCGTAGC	S506	ACTGCATA	GACGCTGCCGACGAACTGCATAGTGTAGATCTCGGTGGTCGCCGTATCATT	78	A14	cchum003	ColonCancer	GH	0.08560	2016-08-09	Human	0	Adenoma
79	MG100194	Hannigan	0000-00-00	N710	S506	HS4K	NexteraXT004	12	3.040	10	510	72260	N710	CGAGGCTG	CAGCCTCG	CCGAGCCCACGAGACCAGCCTCG	S506	ACTGCATA	GACGCTGCCGACGAACTGCATAGTGTAGATCTCGGTGGTCGCCGTATCATT	79	A15	cchum003	ColonCancer	GH	0.13000	2016-08-09	Human	0	Adenoma
80	MG100195	Hannigan	0000-00-00	N711	S506	HS4K	NexteraXT004	12	2.817	10	510	72267	N711	AAGAGGCA	TGCCTCTT	CCGAGCCCACGAGACTGCCTCTT	S506	ACTGCATA	GACGCTGCCGACGAACTGCATAGTGTAGATCTCGGTGGTCGCCGTATCATT	80	A16	cchum003	ColonCancer	GH	0.06800	2016-08-09	Human	0	Adenoma
86	MG100196	Hannigan	0000-00-00	N712	S506	HS4K	NexteraXT004	12	0.499	10	510	72274	N712	GTAGAGGA	TCCTCTAC	CCGAGCCCACGAGACTCCTCTAC	S506	ACTGCATA	GACGCTGCCGACGAACTGCATAGTGTAGATCTCGGTGGTCGCCGTATCATT	86	A17	cchum003	ColonCancer	GH	0.04280	2016-08-12	Human	0	Adenoma
87	MG100197	Hannigan	0000-00-00	N701	S507	HS4K	NexteraXT004	12	-0.647	10	510	72197	N701	TAAGGCGA	TCGCCTTA	CCGAGCCCACGAGACTCGCCTTA	S507	AAGGAGTA	GACGCTGCCGACGAAAGGAGTAGTGTAGATCTCGGTGGTCGCCGTATCATT	87	A18	cchum003	ColonCancer	GH	0.04600	2016-08-12	Human	0	Adenoma
88	MG100198	Hannigan	0000-00-00	N702	S507	HS4K	NexteraXT004	12	0.620	10	510	72205	N702	CGTACTAG	CTAGTACG	CCGAGCCCACGAGACCTAGTACG	S507	AAGGAGTA	GACGCTGCCGACGAAAGGAGTAGTGTAGATCTCGGTGGTCGCCGTATCATT	88	A19	cchum003	ColonCancer	GH	0.00000	2016-08-12	Human	0	Adenoma
89	MG100199	Hannigan	0000-00-00	N703	S507	HS4K	NexteraXT004	12	0.954	10	510	72212	N703	AGGCAGAA	TTCTGCCT	CCGAGCCCACGAGACTTCTGCCT	S507	AAGGAGTA	GACGCTGCCGACGAAAGGAGTAGTGTAGATCTCGGTGGTCGCCGTATCATT	89	A20	cchum003	ColonCancer	GH	0.02880	2016-08-12	Human	0	Adenoma
95	MG100200	Hannigan	0000-00-00	N704	S507	HS4K	NexteraXT004	12	0.241	10	510	72219	N704	TCCTGAGC	GCTCAGGA	CCGAGCCCACGAGACGCTCAGGA	S507	AAGGAGTA	GACGCTGCCGACGAAAGGAGTAGTGTAGATCTCGGTGGTCGCCGTATCATT	95	A21	cchum003	ColonCancer	GH	0.07000	2016-08-13	Human	0	Adenoma
96	MG100201	Hannigan	0000-00-00	N705	S507	HS4K	NexteraXT004	12	1.101	10	510	72226	N705	GGACTCCT	AGGAGTCC	CCGAGCCCACGAGACAGGAGTCC	S507	AAGGAGTA	GACGCTGCCGACGAAAGGAGTAGTGTAGATCTCGGTGGTCGCCGTATCATT	96	A22	cchum003	ColonCancer	GH	0.04320	2016-08-13	Human	0	Adenoma
73	MG100202	Hannigan	0000-00-00	N706	S507	HS4K	NexteraXT004	12	1.053	10	510	72233	N706	TAGGCATG	CATGCCTA	CCGAGCCCACGAGACCATGCCTA	S507	AAGGAGTA	GACGCTGCCGACGAAAGGAGTAGTGTAGATCTCGGTGGTCGCCGTATCATT	73	A23	cchum003	ColonCancer	GH	0.03160	2016-08-03	Human	0	Adenoma
74	MG100203	Hannigan	0000-00-00	N707	S507	HS4K	NexteraXT004	12	3.935	10	510	72240	N707	CTCTCTAC	GTAGAGAG	CCGAGCCCACGAGACGTAGAGAG	S507	AAGGAGTA	GACGCTGCCGACGAAAGGAGTAGTGTAGATCTCGGTGGTCGCCGTATCATT	74	A24	cchum003	ColonCancer	GH	0.04440	2016-08-03	Human	0	Adenoma
75	MG100204	Hannigan	0000-00-00	N708	S507	HS4K	NexteraXT004	12	1.208	10	510	72247	N708	CAGAGAGG	CCTCTCTG	CCGAGCCCACGAGACCCTCTCTG	S507	AAGGAGTA	GACGCTGCCGACGAAAGGAGTAGTGTAGATCTCGGTGGTCGCCGTATCATT	75	A25	cchum003	ColonCancer	GH	0.03040	2016-08-03	Human	0	Adenoma
105	MG100205	Hannigan	0000-00-00	N709	S507	HS4K	NexteraXT004	12	3.813	10	510	72254	N709	GCTACGCT	AGCGTAGC	CCGAGCCCACGAGACAGCGTAGC	S507	AAGGAGTA	GACGCTGCCGACGAAAGGAGTAGTGTAGATCTCGGTGGTCGCCGTATCATT	105	A26	cchum003	ColonCancer	GH	0.00000	2016-08-08	Human	0	Adenoma
106	MG100206	Hannigan	0000-00-00	N710	S507	HS4K	NexteraXT004	12	1.149	10	510	72261	N710	CGAGGCTG	CAGCCTCG	CCGAGCCCACGAGACCAGCCTCG	S507	AAGGAGTA	GACGCTGCCGACGAAAGGAGTAGTGTAGATCTCGGTGGTCGCCGTATCATT	106	A27	cchum003	ColonCancer	GH	0.08560	2016-08-08	Human	0	Adenoma
107	MG100207	Hannigan	0000-00-00	N711	S507	HS4K	NexteraXT004	12	2.905	10	510	72268	N711	AAGAGGCA	TGCCTCTT	CCGAGCCCACGAGACTGCCTCTT	S507	AAGGAGTA	GACGCTGCCGACGAAAGGAGTAGTGTAGATCTCGGTGGTCGCCGTATCATT	107	A28	cchum003	ColonCancer	GH	0.13000	2016-08-08	Human	0	Adenoma
108	MG100208	Hannigan	0000-00-00	N712	S507	HS4K	NexteraXT004	12	1.260	10	510	72275	N712	GTAGAGGA	TCCTCTAC	CCGAGCCCACGAGACTCCTCTAC	S507	AAGGAGTA	GACGCTGCCGACGAAAGGAGTAGTGTAGATCTCGGTGGTCGCCGTATCATT	108	A29	cchum003	ColonCancer	GH	0.06800	2016-08-08	Human	0	Adenoma
113	MG100209	Hannigan	0000-00-00	N701	S508	HS4K	NexteraXT004	12	-0.673	10	510	72198	N701	TAAGGCGA	TCGCCTTA	CCGAGCCCACGAGACTCGCCTTA	S508	CTAAGCCT	GACGCTGCCGACGACTAAGCCTGTGTAGATCTCGGTGGTCGCCGTATCATT	113	MetaBlank	cchum003	ColonCancer	GH	0.00000	2000-01-01	Blank	0	Negative
