45	MG100040	Hannigan	0000-00-00	N701	S517	HS4K	NexteraXT003	18	-0.767	10	438	72094	N701	TAAGGCGA	TCGCCTTA	CCGAGCCCACGAGACTCGCCTTA	S517	GCGTAAGA	GACGCTGCCGACGAGCGTAAGAGTGTAGATCTCGGTGGTCGCCGTATCATT	45	A01	cchum003	ColonCancer	GH	0.14800	2016-06-29	Human	0	Adenoma
78	MG100052	Hannigan	0000-00-00	N701	S502	HS4K	NexteraXT003	18	0.038	10	438	72095	N701	TAAGGCGA	TCGCCTTA	CCGAGCCCACGAGACTCGCCTTA	S502	CTCTCTAT	GACGCTGCCGACGACTCTCTATGTGTAGATCTCGGTGGTCGCCGTATCATT	78	A14	cchum003	ColonCancer	GH	0.08560	2016-08-09	Human	0	Adenoma
105	MG100064	Hannigan	0000-00-00	N701	S503	HS4K	NexteraXT003	18	0.013	10	438	72096	N701	TAAGGCGA	TCGCCTTA	CCGAGCCCACGAGACTCGCCTTA	S503	TATCCTCT	GACGCTGCCGACGATATCCTCTGTGTAGATCTCGGTGGTCGCCGTATCATT	105	A26	cchum003	ColonCancer	GH	0.00000	2016-08-08	Human	0	Adenoma
24	MG100076	Hannigan	0000-00-00	N701	S504	HS4K	NexteraXT003	18	0.260	10	438	72097	N701	TAAGGCGA	TCGCCTTA	CCGAGCCCACGAGACTCGCCTTA	S504	AGAGTAGA	GACGCTGCCGACGAAGAGTAGAGTGTAGATCTCGGTGGTCGCCGTATCATT	24	C11	cchum003	ColonCancer	GH	0.01680	2016-06-06	Human	0	Cancer
98	MG100088	Hannigan	0000-00-00	N701	S505	HS4K	NexteraXT003	18	0.127	10	438	72098	N701	TAAGGCGA	TCGCCTTA	CCGAGCCCACGAGACTCGCCTTA	S505	GTAAGGAG	GACGCTGCCGACGAGTAAGGAGGTGTAGATCTCGGTGGTCGCCGTATCATT	98	C23	cchum003	ColonCancer	GH	0.03720	2016-08-13	Human	0	Cancer
58	MG100100	Hannigan	0000-00-00	N701	S506	HS4K	NexteraXT003	18	0.115	10	438	72099	N701	TAAGGCGA	TCGCCTTA	CCGAGCCCACGAGACTCGCCTTA	S506	ACTGCATA	GACGCTGCCGACGAACTGCATAGTGTAGATCTCGGTGGTCGCCGTATCATT	58	H05	cchum003	ColonCancer	GH	0.05440	2016-07-12	Human	0	Healthy
65	MG100112	Hannigan	0000-00-00	N701	S507	HS4K	NexteraXT003	18	-0.865	10	438	72100	N701	TAAGGCGA	TCGCCTTA	CCGAGCCCACGAGACTCGCCTTA	S507	AAGGAGTA	GACGCTGCCGACGAAAGGAGTAGTGTAGATCTCGGTGGTCGCCGTATCATT	65	H17	cchum003	ColonCancer	GH	0.02720	2016-08-01	Human	0	Healthy
29	MG100124	Hannigan	0000-00-00	N701	S508	HS4K	NexteraXT003	18	1.182	10	438	72101	N701	TAAGGCGA	TCGCCTTA	CCGAGCCCACGAGACTCGCCTTA	S508	CTAAGCCT	GACGCTGCCGACGACTAAGCCTGTGTAGATCTCGGTGGTCGCCGTATCATT	29	H30	cchum003	ColonCancer	GH	0.03720	2016-06-06	Human	0	Healthy
44	MG100041	Hannigan	0000-00-00	N702	S517	HS4K	NexteraXT003	18	-0.411	10	438	72102	N702	CGTACTAG	CTAGTACG	CCGAGCCCACGAGACCTAGTACG	S517	GCGTAAGA	GACGCTGCCGACGAGCGTAAGAGTGTAGATCTCGGTGGTCGCCGTATCATT	44	A03	cchum003	ColonCancer	GH	0.38100	2016-06-29	Human	0	Adenoma
79	MG100053	Hannigan	0000-00-00	N702	S502	HS4K	NexteraXT003	18	-0.203	10	438	72103	N702	CGTACTAG	CTAGTACG	CCGAGCCCACGAGACCTAGTACG	S502	CTCTCTAT	GACGCTGCCGACGACTCTCTATGTGTAGATCTCGGTGGTCGCCGTATCATT	79	A15	cchum003	ColonCancer	GH	0.13000	2016-08-09	Human	0	Adenoma
106	MG100065	Hannigan	0000-00-00	N702	S503	HS4K	NexteraXT003	18	0.714	10	438	72104	N702	CGTACTAG	CTAGTACG	CCGAGCCCACGAGACCTAGTACG	S503	TATCCTCT	GACGCTGCCGACGATATCCTCTGTGTAGATCTCGGTGGTCGCCGTATCATT	106	A27	cchum003	ColonCancer	GH	0.08560	2016-08-08	Human	0	Adenoma
70	MG100077	Hannigan	0000-00-00	N702	S504	HS4K	NexteraXT003	18	-0.126	10	438	72105	N702	CGTACTAG	CTAGTACG	CCGAGCCCACGAGACCTAGTACG	S504	AGAGTAGA	GACGCTGCCGACGAAGAGTAGAGTGTAGATCTCGGTGGTCGCCGTATCATT	70	C12	cchum003	ColonCancer	GH	0.00000	2016-08-03	Human	0	Cancer
49	MG100089	Hannigan	0000-00-00	N702	S505	HS4K	NexteraXT003	18	0.331	10	438	72106	N702	CGTACTAG	CTAGTACG	CCGAGCCCACGAGACCTAGTACG	S505	GTAAGGAG	GACGCTGCCGACGAGTAAGGAGGTGTAGATCTCGGTGGTCGCCGTATCATT	49	C24	cchum003	ColonCancer	GH	0.00000	2016-06-29	Human	0	Cancer
38	MG100101	Hannigan	0000-00-00	N702	S506	HS4K	NexteraXT003	18	-0.309	10	438	72107	N702	CGTACTAG	CTAGTACG	CCGAGCCCACGAGACCTAGTACG	S506	ACTGCATA	GACGCTGCCGACGAACTGCATAGTGTAGATCTCGGTGGTCGCCGTATCATT	38	H06	cchum003	ColonCancer	GH	0.05800	2016-06-08	Human	0	Healthy
92	MG100113	Hannigan	0000-00-00	N702	S507	HS4K	NexteraXT003	18	0.164	10	438	72108	N702	CGTACTAG	CTAGTACG	CCGAGCCCACGAGACCTAGTACG	S507	AAGGAGTA	GACGCTGCCGACGAAAGGAGTAGTGTAGATCTCGGTGGTCGCCGTATCATT	92	H19	cchum003	ColonCancer	GH	0.09720	2016-08-12	Human	0	Healthy
68	MG100210	Hannigan	0000-00-00	N702	S508	HS4K	NexteraXT003	18	-1.064	10	438	72109	N702	CGTACTAG	CTAGTACG	CCGAGCCCACGAGACCTAGTACG	S508	CTAAGCCT	GACGCTGCCGACGACTAAGCCTGTGTAGATCTCGGTGGTCGCCGTATCATT	68	Negative	cchum003	ColonCancer	GH	0.00000	2016-08-03	Blank	0	Negative
15	MG100042	Hannigan	0000-00-00	N703	S517	HS4K	NexteraXT003	18	0.228	10	438	72110	N703	AGGCAGAA	TTCTGCCT	CCGAGCCCACGAGACTTCTGCCT	S517	GCGTAAGA	GACGCTGCCGACGAGCGTAAGAGTGTAGATCTCGGTGGTCGCCGTATCATT	15	A04	cchum001	ColonCancer	GH	0.04700	2016-03-09	Human	0	Adenoma
80	MG100054	Hannigan	0000-00-00	N703	S502	HS4K	NexteraXT003	18	-0.107	10	438	72111	N703	AGGCAGAA	TTCTGCCT	CCGAGCCCACGAGACTTCTGCCT	S502	CTCTCTAT	GACGCTGCCGACGACTCTCTATGTGTAGATCTCGGTGGTCGCCGTATCATT	80	A16	cchum003	ColonCancer	GH	0.06800	2016-08-09	Human	0	Adenoma
107	MG100066	Hannigan	0000-00-00	N703	S503	HS4K	NexteraXT003	18	-0.443	10	438	72112	N703	AGGCAGAA	TTCTGCCT	CCGAGCCCACGAGACTTCTGCCT	S503	TATCCTCT	GACGCTGCCGACGATATCCTCTGTGTAGATCTCGGTGGTCGCCGTATCATT	107	A28	cchum003	ColonCancer	GH	0.13000	2016-08-08	Human	0	Adenoma
33	MG100078	Hannigan	0000-00-00	N703	S504	HS4K	NexteraXT003	18	-0.303	10	438	72113	N703	AGGCAGAA	TTCTGCCT	CCGAGCCCACGAGACTTCTGCCT	S504	AGAGTAGA	GACGCTGCCGACGAAGAGTAGAGTGTAGATCTCGGTGGTCGCCGTATCATT	33	C13	cchum003	ColonCancer	GH	0.12200	2016-06-08	Human	0	Cancer
99	MG100090	Hannigan	0000-00-00	N703	S505	HS4K	NexteraXT003	18	-0.971	10	438	72114	N703	AGGCAGAA	TTCTGCCT	CCGAGCCCACGAGACTTCTGCCT	S505	GTAAGGAG	GACGCTGCCGACGAGTAAGGAGGTGTAGATCTCGGTGGTCGCCGTATCATT	99	C25	cchum003	ColonCancer	GH	0.03720	2016-08-13	Human	0	Cancer
39	MG100102	Hannigan	0000-00-00	N703	S506	HS4K	NexteraXT003	18	-0.981	10	438	72115	N703	AGGCAGAA	TTCTGCCT	CCGAGCCCACGAGACTTCTGCCT	S506	ACTGCATA	GACGCTGCCGACGAACTGCATAGTGTAGATCTCGGTGGTCGCCGTATCATT	39	H07	cchum003	ColonCancer	GH	0.09780	2016-06-08	Human	0	Healthy
93	MG100114	Hannigan	0000-00-00	N703	S507	HS4K	NexteraXT003	18	-0.570	10	438	72116	N703	AGGCAGAA	TTCTGCCT	CCGAGCCCACGAGACTTCTGCCT	S507	AAGGAGTA	GACGCTGCCGACGAAAGGAGTAGTGTAGATCTCGGTGGTCGCCGTATCATT	93	H20	cchum003	ColonCancer	GH	0.02760	2016-08-12	Human	0	Healthy
104	MG100211	Hannigan	0000-00-00	N703	S508	HS4K	NexteraXT003	18	-0.962	10	438	72117	N703	AGGCAGAA	TTCTGCCT	CCGAGCCCACGAGACTTCTGCCT	S508	CTAAGCCT	GACGCTGCCGACGACTAAGCCTGTGTAGATCTCGGTGGTCGCCGTATCATT	104	Negative	cchum003	ColonCancer	GH	0.00000	2016-08-08	Blank	0	Negative
16	MG100043	Hannigan	0000-00-00	N704	S517	HS4K	NexteraXT003	18	-0.332	10	438	72118	N704	TCCTGAGC	GCTCAGGA	CCGAGCCCACGAGACGCTCAGGA	S517	GCGTAAGA	GACGCTGCCGACGAGCGTAAGAGTGTAGATCTCGGTGGTCGCCGTATCATT	16	A05	cchum001	ColonCancer	GH	0.07180	2016-03-09	Human	0	Adenoma
86	MG100055	Hannigan	0000-00-00	N704	S502	HS4K	NexteraXT003	18	-0.235	10	438	72119	N704	TCCTGAGC	GCTCAGGA	CCGAGCCCACGAGACGCTCAGGA	S502	CTCTCTAT	GACGCTGCCGACGACTCTCTATGTGTAGATCTCGGTGGTCGCCGTATCATT	86	A17	cchum003	ColonCancer	GH	0.04280	2016-08-12	Human	0	Adenoma
108	MG100067	Hannigan	0000-00-00	N704	S503	HS4K	NexteraXT003	18	-0.627	10	438	72120	N704	TCCTGAGC	GCTCAGGA	CCGAGCCCACGAGACGCTCAGGA	S503	TATCCTCT	GACGCTGCCGACGATATCCTCTGTGTAGATCTCGGTGGTCGCCGTATCATT	108	A29	cchum003	ColonCancer	GH	0.06800	2016-08-08	Human	0	Adenoma
34	MG100079	Hannigan	0000-00-00	N704	S504	HS4K	NexteraXT003	18	0.026	10	438	72121	N704	TCCTGAGC	GCTCAGGA	CCGAGCCCACGAGACGCTCAGGA	S504	AGAGTAGA	GACGCTGCCGACGAAGAGTAGAGTGTAGATCTCGGTGGTCGCCGTATCATT	34	C14	cchum003	ColonCancer	GH	0.24400	2016-06-08	Human	0	Cancer
100	MG100091	Hannigan	0000-00-00	N704	S505	HS4K	NexteraXT003	18	-0.540	10	438	72122	N704	TCCTGAGC	GCTCAGGA	CCGAGCCCACGAGACGCTCAGGA	S505	GTAAGGAG	GACGCTGCCGACGAGTAAGGAGGTGTAGATCTCGGTGGTCGCCGTATCATT	100	C26	cchum003	ColonCancer	GH	0.05880	2016-08-13	Human	0	Cancer
40	MG100103	Hannigan	0000-00-00	N704	S506	HS4K	NexteraXT003	18	-0.928	10	438	72123	N704	TCCTGAGC	GCTCAGGA	CCGAGCCCACGAGACGCTCAGGA	S506	ACTGCATA	GACGCTGCCGACGAACTGCATAGTGTAGATCTCGGTGGTCGCCGTATCATT	40	H08	cchum003	ColonCancer	GH	0.11700	2016-06-08	Human	0	Healthy
101	MG100115	Hannigan	0000-00-00	N704	S507	HS4K	NexteraXT003	18	-1.054	10	438	72124	N704	TCCTGAGC	GCTCAGGA	CCGAGCCCACGAGACGCTCAGGA	S507	AAGGAGTA	GACGCTGCCGACGAAAGGAGTAGTGTAGATCTCGGTGGTCGCCGTATCATT	101	H21	cchum003	ColonCancer	GH	0.02200	2016-08-13	Human	0	Healthy
60	MG100212	Hannigan	0000-00-00	N704	S508	HS4K	NexteraXT003	18	-0.704	10	438	72125	N704	TCCTGAGC	GCTCAGGA	CCGAGCCCACGAGACGCTCAGGA	S508	CTAAGCCT	GACGCTGCCGACGACTAAGCCTGTGTAGATCTCGGTGGTCGCCGTATCATT	60	Negative	cchum003	ColonCancer	GH	0.00000	2016-08-01	Blank	0	Negative
17	MG100044	Hannigan	0000-00-00	N705	S517	HS4K	NexteraXT003	18	-0.516	10	438	72126	N705	GGACTCCT	AGGAGTCC	CCGAGCCCACGAGACAGGAGTCC	S517	GCGTAAGA	GACGCTGCCGACGAGCGTAAGAGTGTAGATCTCGGTGGTCGCCGTATCATT	17	A06	cchum001	ColonCancer	GH	0.01800	2016-03-09	Human	0	Adenoma
87	MG100056	Hannigan	0000-00-00	N705	S502	HS4K	NexteraXT003	18	-0.015	10	438	72127	N705	GGACTCCT	AGGAGTCC	CCGAGCCCACGAGACAGGAGTCC	S502	CTCTCTAT	GACGCTGCCGACGACTCTCTATGTGTAGATCTCGGTGGTCGCCGTATCATT	87	A18	cchum003	ColonCancer	GH	0.04600	2016-08-12	Human	0	Adenoma
25	MG100068	Hannigan	0000-00-00	N705	S503	HS4K	NexteraXT003	18	1.373	10	438	72128	N705	GGACTCCT	AGGAGTCC	CCGAGCCCACGAGACAGGAGTCC	S503	TATCCTCT	GACGCTGCCGACGATATCCTCTGTGTAGATCTCGGTGGTCGCCGTATCATT	25	C01	cchum003	ColonCancer	GH	0.03060	2016-06-06	Human	0	Cancer
35	MG100080	Hannigan	0000-00-00	N705	S504	HS4K	NexteraXT003	18	2.635	10	438	72129	N705	GGACTCCT	AGGAGTCC	CCGAGCCCACGAGACAGGAGTCC	S504	AGAGTAGA	GACGCTGCCGACGAAGAGTAGAGTGTAGATCTCGGTGGTCGCCGTATCATT	35	C15	cchum003	ColonCancer	GH	0.48800	2016-06-08	Human	0	Cancer
90	MG100092	Hannigan	0000-00-00	N705	S505	HS4K	NexteraXT003	18	-0.804	10	438	72130	N705	GGACTCCT	AGGAGTCC	CCGAGCCCACGAGACAGGAGTCC	S505	GTAAGGAG	GACGCTGCCGACGAGTAAGGAGGTGTAGATCTCGGTGGTCGCCGTATCATT	90	C27	cchum003	ColonCancer	GH	0.05040	2016-08-12	Human	0	Cancer
41	MG100104	Hannigan	0000-00-00	N705	S506	HS4K	NexteraXT003	18	-0.962	10	438	72131	N705	GGACTCCT	AGGAGTCC	CCGAGCCCACGAGACAGGAGTCC	S506	ACTGCATA	GACGCTGCCGACGAACTGCATAGTGTAGATCTCGGTGGTCGCCGTATCATT	41	H09	cchum003	ColonCancer	GH	0.03480	2016-06-08	Human	0	Healthy
102	MG100116	Hannigan	0000-00-00	N705	S507	HS4K	NexteraXT003	18	-0.748	10	438	72132	N705	GGACTCCT	AGGAGTCC	CCGAGCCCACGAGACAGGAGTCC	S507	AAGGAGTA	GACGCTGCCGACGAAAGGAGTAGTGTAGATCTCGGTGGTCGCCGTATCATT	102	H22	cchum003	ColonCancer	GH	0.06000	2016-08-13	Human	0	Healthy
21	MG100213	Hannigan	0000-00-00	N705	S508	HS4K	NexteraXT003	18	0.298	10	438	72133	N705	GGACTCCT	AGGAGTCC	CCGAGCCCACGAGACAGGAGTCC	S508	CTAAGCCT	GACGCTGCCGACGACTAAGCCTGTGTAGATCTCGGTGGTCGCCGTATCATT	21	Negative	cchum002	ColonCancer	GH	0.01140	2016-03-11	Blank	0	Negative
19	MG100045	Hannigan	0000-00-00	N706	S517	HS4K	NexteraXT003	18	0.644	10	438	72134	N706	TAGGCATG	CATGCCTA	CCGAGCCCACGAGACCATGCCTA	S517	GCGTAAGA	GACGCTGCCGACGAGCGTAAGAGTGTAGATCTCGGTGGTCGCCGTATCATT	19	A07	cchum002	ColonCancer	GH	0.03640	2016-03-11	Human	0	Adenoma
88	MG100057	Hannigan	0000-00-00	N706	S502	HS4K	NexteraXT003	18	-0.167	10	438	72135	N706	TAGGCATG	CATGCCTA	CCGAGCCCACGAGACCATGCCTA	S502	CTCTCTAT	GACGCTGCCGACGACTCTCTATGTGTAGATCTCGGTGGTCGCCGTATCATT	88	A19	cchum003	ColonCancer	GH	0.00000	2016-08-12	Human	0	Adenoma
26	MG100069	Hannigan	0000-00-00	N706	S503	HS4K	NexteraXT003	18	0.667	10	438	72136	N706	TAGGCATG	CATGCCTA	CCGAGCCCACGAGACCATGCCTA	S503	TATCCTCT	GACGCTGCCGACGATATCCTCTGTGTAGATCTCGGTGGTCGCCGTATCATT	26	C02	cchum003	ColonCancer	GH	0.50600	2016-06-06	Human	0	Cancer
36	MG100081	Hannigan	0000-00-00	N706	S504	HS4K	NexteraXT003	18	0.200	10	438	72137	N706	TAGGCATG	CATGCCTA	CCGAGCCCACGAGACCATGCCTA	S504	AGAGTAGA	GACGCTGCCGACGAAGAGTAGAGTGTAGATCTCGGTGGTCGCCGTATCATT	36	C16	cchum003	ColonCancer	GH	0.13300	2016-06-08	Human	0	Cancer
91	MG100093	Hannigan	0000-00-00	N706	S505	HS4K	NexteraXT003	18	0.217	10	438	72138	N706	TAGGCATG	CATGCCTA	CCGAGCCCACGAGACCATGCCTA	S505	GTAAGGAG	GACGCTGCCGACGAGTAAGGAGGTGTAGATCTCGGTGGTCGCCGTATCATT	91	C28	cchum003	ColonCancer	GH	0.19400	2016-08-12	Human	0	Cancer
31	MG100105	Hannigan	0000-00-00	N706	S506	HS4K	NexteraXT003	18	-0.432	10	438	72139	N706	TAGGCATG	CATGCCTA	CCGAGCCCACGAGACCATGCCTA	S506	ACTGCATA	GACGCTGCCGACGAACTGCATAGTGTAGATCTCGGTGGTCGCCGTATCATT	31	H10	cchum003	ColonCancer	GH	0.29800	2016-06-06	Human	0	Healthy
103	MG100117	Hannigan	0000-00-00	N706	S507	HS4K	NexteraXT003	18	-0.319	10	438	72140	N706	TAGGCATG	CATGCCTA	CCGAGCCCACGAGACCATGCCTA	S507	AAGGAGTA	GACGCTGCCGACGAAAGGAGTAGTGTAGATCTCGGTGGTCGCCGTATCATT	103	H23	cchum003	ColonCancer	GH	0.00000	2016-08-13	Human	0	Healthy
42	MG100214	Hannigan	0000-00-00	N706	S508	HS4K	NexteraXT003	18	-0.990	10	438	72141	N706	TAGGCATG	CATGCCTA	CCGAGCCCACGAGACCATGCCTA	S508	CTAAGCCT	GACGCTGCCGACGACTAAGCCTGTGTAGATCTCGGTGGTCGCCGTATCATT	42	Negative	cchum003	ColonCancer	GH	0.00000	2016-06-29	Human	0	Negative
77	MG100046	Hannigan	0000-00-00	N707	S517	HS4K	NexteraXT003	18	0.547	10	438	72142	N707	CTCTCTAC	GTAGAGAG	CCGAGCCCACGAGACGTAGAGAG	S517	GCGTAAGA	GACGCTGCCGACGAGCGTAAGAGTGTAGATCTCGGTGGTCGCCGTATCATT	77	A08	cchum003	ColonCancer	GH	0.00000	2016-08-09	Human	0	Adenoma
89	MG100058	Hannigan	0000-00-00	N707	S502	HS4K	NexteraXT003	18	-0.291	10	438	72143	N707	CTCTCTAC	GTAGAGAG	CCGAGCCCACGAGACGTAGAGAG	S502	CTCTCTAT	GACGCTGCCGACGACTCTCTATGTGTAGATCTCGGTGGTCGCCGTATCATT	89	A20	cchum003	ColonCancer	GH	0.02880	2016-08-12	Human	0	Adenoma
46	MG100070	Hannigan	0000-00-00	N707	S503	HS4K	NexteraXT003	18	-0.178	10	438	72144	N707	CTCTCTAC	GTAGAGAG	CCGAGCCCACGAGACGTAGAGAG	S503	TATCCTCT	GACGCTGCCGACGATATCCTCTGTGTAGATCTCGGTGGTCGCCGTATCATT	46	C03	cchum003	ColonCancer	GH	0.00000	2016-06-29	Human	0	Cancer
37	MG100082	Hannigan	0000-00-00	N707	S504	HS4K	NexteraXT003	18	0.948	10	438	72145	N707	CTCTCTAC	GTAGAGAG	CCGAGCCCACGAGACGTAGAGAG	S504	AGAGTAGA	GACGCTGCCGACGAAGAGTAGAGTGTAGATCTCGGTGGTCGCCGTATCATT	37	C17	cchum003	ColonCancer	GH	0.18300	2016-06-08	Human	0	Cancer
71	MG100094	Hannigan	0000-00-00	N707	S505	HS4K	NexteraXT003	18	-0.567	10	438	72146	N707	CTCTCTAC	GTAGAGAG	CCGAGCCCACGAGACGTAGAGAG	S505	GTAAGGAG	GACGCTGCCGACGAGTAAGGAGGTGTAGATCTCGGTGGTCGCCGTATCATT	71	C29	cchum003	ColonCancer	GH	0.04960	2016-08-03	Human	0	Cancer
30	MG100106	Hannigan	0000-00-00	N707	S506	HS4K	NexteraXT003	18	-0.909	10	438	72147	N707	CTCTCTAC	GTAGAGAG	CCGAGCCCACGAGACGTAGAGAG	S506	ACTGCATA	GACGCTGCCGACGAACTGCATAGTGTAGATCTCGGTGGTCGCCGTATCATT	30	H11	cchum003	ColonCancer	GH	0.01420	2016-06-06	Human	0	Healthy
27	MG100118	Hannigan	0000-00-00	N707	S507	HS4K	NexteraXT003	18	-0.443	10	438	72148	N707	CTCTCTAC	GTAGAGAG	CCGAGCCCACGAGACGTAGAGAG	S507	AAGGAGTA	GACGCTGCCGACGAAAGGAGTAGTGTAGATCTCGGTGGTCGCCGTATCATT	27	H24	cchum003	ColonCancer	GH	0.04940	2016-06-06	Human	0	Healthy
50	MG100215	Hannigan	0000-00-00	N707	S508	HS4K	NexteraXT003	18	-0.208	10	438	72149	N707	CTCTCTAC	GTAGAGAG	CCGAGCCCACGAGACGTAGAGAG	S508	CTAAGCCT	GACGCTGCCGACGACTAAGCCTGTGTAGATCTCGGTGGTCGCCGTATCATT	50	Negative	cchum003	ColonCancer	GH	0.00000	2016-07-12	Blank	0	Negative
48	MG100047	Hannigan	0000-00-00	N708	S517	HS4K	NexteraXT003	18	0.862	10	438	72150	N708	CAGAGAGG	CCTCTCTG	CCGAGCCCACGAGACCCTCTCTG	S517	GCGTAAGA	GACGCTGCCGACGAGCGTAAGAGTGTAGATCTCGGTGGTCGCCGTATCATT	48	A09	cchum003	ColonCancer	GH	0.00000	2016-06-29	Human	0	Adenoma
95	MG100059	Hannigan	0000-00-00	N708	S502	HS4K	NexteraXT003	18	-0.044	10	438	72151	N708	CAGAGAGG	CCTCTCTG	CCGAGCCCACGAGACCCTCTCTG	S502	CTCTCTAT	GACGCTGCCGACGACTCTCTATGTGTAGATCTCGGTGGTCGCCGTATCATT	95	A21	cchum003	ColonCancer	GH	0.07000	2016-08-13	Human	0	Adenoma
47	MG100071	Hannigan	0000-00-00	N708	S503	HS4K	NexteraXT003	18	0.524	10	438	72152	N708	CAGAGAGG	CCTCTCTG	CCGAGCCCACGAGACCCTCTCTG	S503	TATCCTCT	GACGCTGCCGACGATATCCTCTGTGTAGATCTCGGTGGTCGCCGTATCATT	47	C04	cchum003	ColonCancer	GH	0.00000	2016-06-29	Human	0	Cancer
81	MG100083	Hannigan	0000-00-00	N708	S504	HS4K	NexteraXT003	18	1.502	10	438	72153	N708	CAGAGAGG	CCTCTCTG	CCGAGCCCACGAGACCCTCTCTG	S504	AGAGTAGA	GACGCTGCCGACGAAGAGTAGAGTGTAGATCTCGGTGGTCGCCGTATCATT	81	C18	cchum003	ColonCancer	GH	0.05960	2016-08-09	Human	0	Cancer
72	MG100095	Hannigan	0000-00-00	N708	S505	HS4K	NexteraXT003	18	1.345	10	438	72154	N708	CAGAGAGG	CCTCTCTG	CCGAGCCCACGAGACCCTCTCTG	S505	GTAAGGAG	GACGCTGCCGACGAGTAAGGAGGTGTAGATCTCGGTGGTCGCCGTATCATT	72	C30	cchum003	ColonCancer	GH	0.33500	2016-08-03	Human	0	Cancer
59	MG100107	Hannigan	0000-00-00	N708	S506	HS4K	NexteraXT003	18	-0.837	10	438	72155	N708	CAGAGAGG	CCTCTCTG	CCGAGCCCACGAGACCCTCTCTG	S506	ACTGCATA	GACGCTGCCGACGAACTGCATAGTGTAGATCTCGGTGGTCGCCGTATCATT	59	H12	cchum003	ColonCancer	GH	0.03360	2016-07-12	Human	0	Healthy
109	MG100119	Hannigan	0000-00-00	N708	S507	HS4K	NexteraXT003	18	-0.188	10	438	72156	N708	CAGAGAGG	CCTCTCTG	CCGAGCCCACGAGACCCTCTCTG	S507	AAGGAGTA	GACGCTGCCGACGAAAGGAGTAGTGTAGATCTCGGTGGTCGCCGTATCATT	109	H25	cchum003	ColonCancer	GH	0.05960	2016-08-08	Human	0	Healthy
76	MG100216	Hannigan	0000-00-00	N708	S508	HS4K	NexteraXT003	18	-0.921	10	438	72157	N708	CAGAGAGG	CCTCTCTG	CCGAGCCCACGAGACCCTCTCTG	S508	CTAAGCCT	GACGCTGCCGACGACTAAGCCTGTGTAGATCTCGGTGGTCGCCGTATCATT	76	Negative	cchum003	ColonCancer	GH	0.00000	2016-08-09	Blank	0	Negative
51	MG100048	Hannigan	0000-00-00	N709	S517	HS4K	NexteraXT003	18	-0.698	10	438	72158	N709	GCTACGCT	AGCGTAGC	CCGAGCCCACGAGACAGCGTAGC	S517	GCGTAAGA	GACGCTGCCGACGAGCGTAAGAGTGTAGATCTCGGTGGTCGCCGTATCATT	51	A10	cchum003	ColonCancer	GH	0.14900	2016-07-12	Human	0	Adenoma
96	MG100060	Hannigan	0000-00-00	N709	S502	HS4K	NexteraXT003	18	-0.690	10	438	72159	N709	GCTACGCT	AGCGTAGC	CCGAGCCCACGAGACAGCGTAGC	S502	CTCTCTAT	GACGCTGCCGACGACTCTCTATGTGTAGATCTCGGTGGTCGCCGTATCATT	96	A22	cchum003	ColonCancer	GH	0.04320	2016-08-13	Human	0	Adenoma
23	MG100072	Hannigan	0000-00-00	N709	S503	HS4K	NexteraXT003	18	4.201	10	438	72160	N709	GCTACGCT	AGCGTAGC	CCGAGCCCACGAGACAGCGTAGC	S503	TATCCTCT	GACGCTGCCGACGATATCCTCTGTGTAGATCTCGGTGGTCGCCGTATCATT	23	C05	cchum003	ColonCancer	GH	0.14400	2016-06-06	Human	0	Cancer
82	MG100084	Hannigan	0000-00-00	N709	S504	HS4K	NexteraXT003	18	0.418	10	438	72161	N709	GCTACGCT	AGCGTAGC	CCGAGCCCACGAGACAGCGTAGC	S504	AGAGTAGA	GACGCTGCCGACGAAGAGTAGAGTGTAGATCTCGGTGGTCGCCGTATCATT	82	C19	cchum003	ColonCancer	GH	0.04600	2016-08-09	Human	0	Cancer
43	MG100096	Hannigan	0000-00-00	N709	S505	HS4K	NexteraXT003	18	-0.930	10	438	72162	N709	GCTACGCT	AGCGTAGC	CCGAGCCCACGAGACAGCGTAGC	S505	GTAAGGAG	GACGCTGCCGACGAGTAAGGAGGTGTAGATCTCGGTGGTCGCCGTATCATT	43	H01	cchum003	ColonCancer	GH	0.05100	2016-06-29	Human	0	Healthy
61	MG100108	Hannigan	0000-00-00	N709	S506	HS4K	NexteraXT003	18	-0.618	10	438	72163	N709	GCTACGCT	AGCGTAGC	CCGAGCCCACGAGACAGCGTAGC	S506	ACTGCATA	GACGCTGCCGACGAACTGCATAGTGTAGATCTCGGTGGTCGCCGTATCATT	61	H13	cchum003	ColonCancer	GH	0.07600	2016-08-01	Human	0	Healthy
28	MG100120	Hannigan	0000-00-00	N709	S507	HS4K	NexteraXT003	18	-0.659	10	438	72164	N709	GCTACGCT	AGCGTAGC	CCGAGCCCACGAGACAGCGTAGC	S507	AAGGAGTA	GACGCTGCCGACGAAAGGAGTAGTGTAGATCTCGGTGGTCGCCGTATCATT	28	H26	cchum003	ColonCancer	GH	0.02280	2016-06-06	Human	0	Healthy
85	MG100217	Hannigan	0000-00-00	N709	S508	HS4K	NexteraXT003	18	-0.880	10	438	72165	N709	GCTACGCT	AGCGTAGC	CCGAGCCCACGAGACAGCGTAGC	S508	CTAAGCCT	GACGCTGCCGACGACTAAGCCTGTGTAGATCTCGGTGGTCGCCGTATCATT	85	Negative	cchum003	ColonCancer	GH	0.00000	2016-08-12	Human	0	Negative
52	MG100049	Hannigan	0000-00-00	N710	S517	HS4K	NexteraXT003	18	-0.784	10	438	72166	N710	CGAGGCTG	CAGCCTCG	CCGAGCCCACGAGACCAGCCTCG	S517	GCGTAAGA	GACGCTGCCGACGAGCGTAAGAGTGTAGATCTCGGTGGTCGCCGTATCATT	52	A11	cchum003	ColonCancer	GH	0.02960	2016-07-12	Human	0	Adenoma
73	MG100061	Hannigan	0000-00-00	N710	S502	HS4K	NexteraXT003	18	0.091	10	438	72167	N710	CGAGGCTG	CAGCCTCG	CCGAGCCCACGAGACCAGCCTCG	S502	CTCTCTAT	GACGCTGCCGACGACTCTCTATGTGTAGATCTCGGTGGTCGCCGTATCATT	73	A23	cchum003	ColonCancer	GH	0.03160	2016-08-03	Human	0	Adenoma
66	MG100073	Hannigan	0000-00-00	N710	S503	HS4K	NexteraXT003	18	0.275	10	438	72168	N710	CGAGGCTG	CAGCCTCG	CCGAGCCCACGAGACCAGCCTCG	S503	TATCCTCT	GACGCTGCCGACGATATCCTCTGTGTAGATCTCGGTGGTCGCCGTATCATT	66	C08	cchum003	ColonCancer	GH	0.04160	2016-08-01	Human	0	Cancer
83	MG100085	Hannigan	0000-00-00	N710	S504	HS4K	NexteraXT003	18	-0.187	10	438	72169	N710	CGAGGCTG	CAGCCTCG	CCGAGCCCACGAGACCAGCCTCG	S504	AGAGTAGA	GACGCTGCCGACGAAGAGTAGAGTGTAGATCTCGGTGGTCGCCGTATCATT	83	C20	cchum003	ColonCancer	GH	0.08440	2016-08-09	Human	0	Cancer
55	MG100097	Hannigan	0000-00-00	N710	S505	HS4K	NexteraXT003	18	-0.077	10	438	72170	N710	CGAGGCTG	CAGCCTCG	CCGAGCCCACGAGACCAGCCTCG	S505	GTAAGGAG	GACGCTGCCGACGAGTAAGGAGGTGTAGATCTCGGTGGTCGCCGTATCATT	55	H02	cchum003	ColonCancer	GH	0.02840	2016-07-12	Human	0	Healthy
62	MG100109	Hannigan	0000-00-00	N710	S506	HS4K	NexteraXT003	18	-0.710	10	438	72171	N710	CGAGGCTG	CAGCCTCG	CCGAGCCCACGAGACCAGCCTCG	S506	ACTGCATA	GACGCTGCCGACGAACTGCATAGTGTAGATCTCGGTGGTCGCCGTATCATT	62	H14	cchum003	ColonCancer	GH	0.04360	2016-08-01	Human	0	Healthy
20	MG100121	Hannigan	0000-00-00	N710	S507	HS4K	NexteraXT003	18	-0.139	10	438	72172	N710	CGAGGCTG	CAGCCTCG	CCGAGCCCACGAGACCAGCCTCG	S507	AAGGAGTA	GACGCTGCCGACGAAAGGAGTAGTGTAGATCTCGGTGGTCGCCGTATCATT	20	H27	cchum002	ColonCancer	GH	0.06400	2016-03-11	Human	0	Healthy
94	MG100218	Hannigan	0000-00-00	N710	S508	HS4K	NexteraXT003	18	-0.578	10	438	72173	N710	CGAGGCTG	CAGCCTCG	CCGAGCCCACGAGACCAGCCTCG	S508	CTAAGCCT	GACGCTGCCGACGACTAAGCCTGTGTAGATCTCGGTGGTCGCCGTATCATT	94	Negative	cchum003	ColonCancer	GH	0.00000	2016-08-13	Human	0	Negative
53	MG100050	Hannigan	0000-00-00	N711	S517	HS4K	NexteraXT003	18	0.407	10	438	72174	N711	AAGAGGCA	TGCCTCTT	CCGAGCCCACGAGACTGCCTCTT	S517	GCGTAAGA	GACGCTGCCGACGAGCGTAAGAGTGTAGATCTCGGTGGTCGCCGTATCATT	53	A12	cchum003	ColonCancer	GH	0.03280	2016-07-12	Human	0	Adenoma
74	MG100062	Hannigan	0000-00-00	N711	S502	HS4K	NexteraXT003	18	0.004	10	438	72175	N711	AAGAGGCA	TGCCTCTT	CCGAGCCCACGAGACTGCCTCTT	S502	CTCTCTAT	GACGCTGCCGACGACTCTCTATGTGTAGATCTCGGTGGTCGCCGTATCATT	74	A24	cchum003	ColonCancer	GH	0.04440	2016-08-03	Human	0	Adenoma
67	MG100074	Hannigan	0000-00-00	N711	S503	HS4K	NexteraXT003	18	-0.633	10	438	72176	N711	AAGAGGCA	TGCCTCTT	CCGAGCCCACGAGACTGCCTCTT	S503	TATCCTCT	GACGCTGCCGACGATATCCTCTGTGTAGATCTCGGTGGTCGCCGTATCATT	67	C09	cchum003	ColonCancer	GH	0.01600	2016-08-01	Human	0	Cancer
84	MG100086	Hannigan	0000-00-00	N711	S504	HS4K	NexteraXT003	18	1.095	10	438	72177	N711	AAGAGGCA	TGCCTCTT	CCGAGCCCACGAGACTGCCTCTT	S504	AGAGTAGA	GACGCTGCCGACGAAGAGTAGAGTGTAGATCTCGGTGGTCGCCGTATCATT	84	C21	cchum003	ColonCancer	GH	0.03640	2016-08-09	Human	0	Cancer
56	MG100098	Hannigan	0000-00-00	N711	S505	HS4K	NexteraXT003	18	-0.762	10	438	72178	N711	AAGAGGCA	TGCCTCTT	CCGAGCCCACGAGACTGCCTCTT	S505	GTAAGGAG	GACGCTGCCGACGAGTAAGGAGGTGTAGATCTCGGTGGTCGCCGTATCATT	56	H03	cchum003	ColonCancer	GH	0.00000	2016-07-12	Human	0	Healthy
63	MG100110	Hannigan	0000-00-00	N711	S506	HS4K	NexteraXT003	18	-0.713	10	438	72179	N711	AAGAGGCA	TGCCTCTT	CCGAGCCCACGAGACTGCCTCTT	S506	ACTGCATA	GACGCTGCCGACGAACTGCATAGTGTAGATCTCGGTGGTCGCCGTATCATT	63	H15	cchum003	ColonCancer	GH	0.02080	2016-08-01	Human	0	Healthy
110	MG100122	Hannigan	0000-00-00	N711	S507	HS4K	NexteraXT003	18	-0.255	10	438	72180	N711	AAGAGGCA	TGCCTCTT	CCGAGCCCACGAGACTGCCTCTT	S507	AAGGAGTA	GACGCTGCCGACGAAAGGAGTAGTGTAGATCTCGGTGGTCGCCGTATCATT	110	H28	cchum003	ColonCancer	GH	0.04600	2016-08-08	Human	0	Healthy
32	MG100219	Hannigan	0000-00-00	N711	S508	HS4K	NexteraXT003	18	0.176	10	438	72181	N711	AAGAGGCA	TGCCTCTT	CCGAGCCCACGAGACTGCCTCTT	S508	CTAAGCCT	GACGCTGCCGACGACTAAGCCTGTGTAGATCTCGGTGGTCGCCGTATCATT	32	Negative	cchum003	ColonCancer	GH	0.00000	2016-06-08	Blank	0	Negative
54	MG100051	Hannigan	0000-00-00	N712	S517	HS4K	NexteraXT003	18	0.350	10	438	72182	N712	GTAGAGGA	TCCTCTAC	CCGAGCCCACGAGACTCCTCTAC	S517	GCGTAAGA	GACGCTGCCGACGAGCGTAAGAGTGTAGATCTCGGTGGTCGCCGTATCATT	54	A13	cchum003	ColonCancer	GH	0.05960	2016-07-12	Human	0	Adenoma
75	MG100063	Hannigan	0000-00-00	N712	S502	HS4K	NexteraXT003	18	0.415	10	438	72183	N712	GTAGAGGA	TCCTCTAC	CCGAGCCCACGAGACTCCTCTAC	S502	CTCTCTAT	GACGCTGCCGACGACTCTCTATGTGTAGATCTCGGTGGTCGCCGTATCATT	75	A25	cchum003	ColonCancer	GH	0.03040	2016-08-03	Human	0	Adenoma
69	MG100075	Hannigan	0000-00-00	N712	S503	HS4K	NexteraXT003	18	-0.049	10	438	72184	N712	GTAGAGGA	TCCTCTAC	CCGAGCCCACGAGACTCCTCTAC	S503	TATCCTCT	GACGCTGCCGACGATATCCTCTGTGTAGATCTCGGTGGTCGCCGTATCATT	69	C10	cchum003	ColonCancer	GH	0.02320	2016-08-03	Human	0	Cancer
97	MG100087	Hannigan	0000-00-00	N712	S504	HS4K	NexteraXT003	18	-0.417	10	438	72185	N712	GTAGAGGA	TCCTCTAC	CCGAGCCCACGAGACTCCTCTAC	S504	AGAGTAGA	GACGCTGCCGACGAAGAGTAGAGTGTAGATCTCGGTGGTCGCCGTATCATT	97	C22	cchum003	ColonCancer	GH	0.10300	2016-08-13	Human	0	Cancer
57	MG100099	Hannigan	0000-00-00	N712	S505	HS4K	NexteraXT003	18	-1.073	10	438	72186	N712	GTAGAGGA	TCCTCTAC	CCGAGCCCACGAGACTCCTCTAC	S505	GTAAGGAG	GACGCTGCCGACGAGTAAGGAGGTGTAGATCTCGGTGGTCGCCGTATCATT	57	H04	cchum003	ColonCancer	GH	0.02920	2016-07-12	Human	0	Healthy
64	MG100111	Hannigan	0000-00-00	N712	S506	HS4K	NexteraXT003	18	-0.975	10	438	72187	N712	GTAGAGGA	TCCTCTAC	CCGAGCCCACGAGACTCCTCTAC	S506	ACTGCATA	GACGCTGCCGACGAACTGCATAGTGTAGATCTCGGTGGTCGCCGTATCATT	64	H16	cchum003	ColonCancer	GH	0.04760	2016-08-01	Human	0	Healthy
111	MG100123	Hannigan	0000-00-00	N712	S507	HS4K	NexteraXT003	18	-0.871	10	438	72188	N712	GTAGAGGA	TCCTCTAC	CCGAGCCCACGAGACTCCTCTAC	S507	AAGGAGTA	GACGCTGCCGACGAAAGGAGTAGTGTAGATCTCGGTGGTCGCCGTATCATT	111	H29	cchum003	ColonCancer	GH	0.08440	2016-08-08	Human	0	Healthy
22	MG100220	Hannigan	0000-00-00	N712	S508	HS4K	NexteraXT003	18	-0.965	10	438	72189	N712	GTAGAGGA	TCCTCTAC	CCGAGCCCACGAGACTCCTCTAC	S508	CTAAGCCT	GACGCTGCCGACGACTAAGCCTGTGTAGATCTCGGTGGTCGCCGTATCATT	22	Negative	cchum003	ColonCancer	GH	0.00000	2016-06-06	Blank	0	Negative
25	MG100125	Hannigan	0000-00-00	N701	S517	HS4K	NexteraXT004	12	1.897	10	510	72191	N701	TAAGGCGA	TCGCCTTA	CCGAGCCCACGAGACTCGCCTTA	S517	GCGTAAGA	GACGCTGCCGACGAGCGTAAGAGTGTAGATCTCGGTGGTCGCCGTATCATT	25	C01	cchum003	ColonCancer	GH	0.03060	2016-06-06	Human	0	Cancer
26	MG100126	Hannigan	0000-00-00	N702	S517	HS4K	NexteraXT004	12	1.247	10	510	72199	N702	CGTACTAG	CTAGTACG	CCGAGCCCACGAGACCTAGTACG	S517	GCGTAAGA	GACGCTGCCGACGAGCGTAAGAGTGTAGATCTCGGTGGTCGCCGTATCATT	26	C02	cchum003	ColonCancer	GH	0.50600	2016-06-06	Human	0	Cancer
46	MG100127	Hannigan	0000-00-00	N703	S517	HS4K	NexteraXT004	12	1.985	10	510	72206	N703	AGGCAGAA	TTCTGCCT	CCGAGCCCACGAGACTTCTGCCT	S517	GCGTAAGA	GACGCTGCCGACGAGCGTAAGAGTGTAGATCTCGGTGGTCGCCGTATCATT	46	C03	cchum003	ColonCancer	GH	0.00000	2016-06-29	Human	0	Cancer
47	MG100128	Hannigan	0000-00-00	N704	S517	HS4K	NexteraXT004	12	0.603	10	510	72213	N704	TCCTGAGC	GCTCAGGA	CCGAGCCCACGAGACGCTCAGGA	S517	GCGTAAGA	GACGCTGCCGACGAGCGTAAGAGTGTAGATCTCGGTGGTCGCCGTATCATT	47	C04	cchum003	ColonCancer	GH	0.00000	2016-06-29	Human	0	Cancer
23	MG100129	Hannigan	0000-00-00	N705	S517	HS4K	NexteraXT004	12	1.856	10	510	72220	N705	GGACTCCT	AGGAGTCC	CCGAGCCCACGAGACAGGAGTCC	S517	GCGTAAGA	GACGCTGCCGACGAGCGTAAGAGTGTAGATCTCGGTGGTCGCCGTATCATT	23	C05	cchum003	ColonCancer	GH	0.14400	2016-06-06	Human	0	Cancer
112	MG100130	Hannigan	0000-00-00	N706	S517	HS4K	NexteraXT004	12	1.833	10	510	72227	N706	TAGGCATG	CATGCCTA	CCGAGCCCACGAGACCATGCCTA	S517	GCGTAAGA	GACGCTGCCGACGAGCGTAAGAGTGTAGATCTCGGTGGTCGCCGTATCATT	112	C06	cchum003	ColonCancer	GH	0.99999	2000-01-01	na	0	Cancer
66	MG100131	Hannigan	0000-00-00	N707	S517	HS4K	NexteraXT004	12	2.278	10	510	72234	N707	CTCTCTAC	GTAGAGAG	CCGAGCCCACGAGACGTAGAGAG	S517	GCGTAAGA	GACGCTGCCGACGAGCGTAAGAGTGTAGATCTCGGTGGTCGCCGTATCATT	66	C08	cchum003	ColonCancer	GH	0.04160	2016-08-01	Human	0	Cancer
67	MG100132	Hannigan	0000-00-00	N708	S517	HS4K	NexteraXT004	12	2.310	10	510	72241	N708	CAGAGAGG	CCTCTCTG	CCGAGCCCACGAGACCCTCTCTG	S517	GCGTAAGA	GACGCTGCCGACGAGCGTAAGAGTGTAGATCTCGGTGGTCGCCGTATCATT	67	C09	cchum003	ColonCancer	GH	0.01600	2016-08-01	Human	0	Cancer
69	MG100133	Hannigan	0000-00-00	N709	S517	HS4K	NexteraXT004	12	1.322	10	510	72248	N709	GCTACGCT	AGCGTAGC	CCGAGCCCACGAGACAGCGTAGC	S517	GCGTAAGA	GACGCTGCCGACGAGCGTAAGAGTGTAGATCTCGGTGGTCGCCGTATCATT	69	C10	cchum003	ColonCancer	GH	0.02320	2016-08-03	Human	0	Cancer
24	MG100134	Hannigan	0000-00-00	N710	S517	HS4K	NexteraXT004	12	1.728	10	510	72255	N710	CGAGGCTG	CAGCCTCG	CCGAGCCCACGAGACCAGCCTCG	S517	GCGTAAGA	GACGCTGCCGACGAGCGTAAGAGTGTAGATCTCGGTGGTCGCCGTATCATT	24	C11	cchum003	ColonCancer	GH	0.01680	2016-06-06	Human	0	Cancer
70	MG100135	Hannigan	0000-00-00	N711	S517	HS4K	NexteraXT004	12	-0.728	10	510	72262	N711	AAGAGGCA	TGCCTCTT	CCGAGCCCACGAGACTGCCTCTT	S517	GCGTAAGA	GACGCTGCCGACGAGCGTAAGAGTGTAGATCTCGGTGGTCGCCGTATCATT	70	C12	cchum003	ColonCancer	GH	0.00000	2016-08-03	Human	0	Cancer
33	MG100136	Hannigan	0000-00-00	N712	S517	HS4K	NexteraXT004	12	2.609	10	510	72269	N712	GTAGAGGA	TCCTCTAC	CCGAGCCCACGAGACTCCTCTAC	S517	GCGTAAGA	GACGCTGCCGACGAGCGTAAGAGTGTAGATCTCGGTGGTCGCCGTATCATT	33	C13	cchum003	ColonCancer	GH	0.12200	2016-06-08	Human	0	Cancer
34	MG100137	Hannigan	0000-00-00	N701	S502	HS4K	NexteraXT004	12	0.456	10	510	72192	N701	TAAGGCGA	TCGCCTTA	CCGAGCCCACGAGACTCGCCTTA	S502	CTCTCTAT	GACGCTGCCGACGACTCTCTATGTGTAGATCTCGGTGGTCGCCGTATCATT	34	C14	cchum003	ColonCancer	GH	0.24400	2016-06-08	Human	0	Cancer
35	MG100138	Hannigan	0000-00-00	N702	S502	HS4K	NexteraXT004	12	1.492	10	510	72200	N702	CGTACTAG	CTAGTACG	CCGAGCCCACGAGACCTAGTACG	S502	CTCTCTAT	GACGCTGCCGACGACTCTCTATGTGTAGATCTCGGTGGTCGCCGTATCATT	35	C15	cchum003	ColonCancer	GH	0.48800	2016-06-08	Human	0	Cancer
36	MG100139	Hannigan	0000-00-00	N703	S502	HS4K	NexteraXT004	12	2.289	10	510	72207	N703	AGGCAGAA	TTCTGCCT	CCGAGCCCACGAGACTTCTGCCT	S502	CTCTCTAT	GACGCTGCCGACGACTCTCTATGTGTAGATCTCGGTGGTCGCCGTATCATT	36	C16	cchum003	ColonCancer	GH	0.13300	2016-06-08	Human	0	Cancer
37	MG100140	Hannigan	0000-00-00	N704	S502	HS4K	NexteraXT004	12	1.025	10	510	72214	N704	TCCTGAGC	GCTCAGGA	CCGAGCCCACGAGACGCTCAGGA	S502	CTCTCTAT	GACGCTGCCGACGACTCTCTATGTGTAGATCTCGGTGGTCGCCGTATCATT	37	C17	cchum003	ColonCancer	GH	0.18300	2016-06-08	Human	0	Cancer
81	MG100141	Hannigan	0000-00-00	N705	S502	HS4K	NexteraXT004	12	1.274	10	510	72221	N705	GGACTCCT	AGGAGTCC	CCGAGCCCACGAGACAGGAGTCC	S502	CTCTCTAT	GACGCTGCCGACGACTCTCTATGTGTAGATCTCGGTGGTCGCCGTATCATT	81	C18	cchum003	ColonCancer	GH	0.05960	2016-08-09	Human	0	Cancer
82	MG100142	Hannigan	0000-00-00	N706	S502	HS4K	NexteraXT004	12	-0.608	10	510	72228	N706	TAGGCATG	CATGCCTA	CCGAGCCCACGAGACCATGCCTA	S502	CTCTCTAT	GACGCTGCCGACGACTCTCTATGTGTAGATCTCGGTGGTCGCCGTATCATT	82	C19	cchum003	ColonCancer	GH	0.04600	2016-08-09	Human	0	Cancer
83	MG100143	Hannigan	0000-00-00	N707	S502	HS4K	NexteraXT004	12	2.546	10	510	72235	N707	CTCTCTAC	GTAGAGAG	CCGAGCCCACGAGACGTAGAGAG	S502	CTCTCTAT	GACGCTGCCGACGACTCTCTATGTGTAGATCTCGGTGGTCGCCGTATCATT	83	C20	cchum003	ColonCancer	GH	0.08440	2016-08-09	Human	0	Cancer
97	MG100144	Hannigan	0000-00-00	N708	S502	HS4K	NexteraXT004	12	1.519	10	510	72242	N708	CAGAGAGG	CCTCTCTG	CCGAGCCCACGAGACCCTCTCTG	S502	CTCTCTAT	GACGCTGCCGACGACTCTCTATGTGTAGATCTCGGTGGTCGCCGTATCATT	97	C22	cchum003	ColonCancer	GH	0.10300	2016-08-13	Human	0	Cancer
98	MG100145	Hannigan	0000-00-00	N709	S502	HS4K	NexteraXT004	12	1.462	10	510	72249	N709	GCTACGCT	AGCGTAGC	CCGAGCCCACGAGACAGCGTAGC	S502	CTCTCTAT	GACGCTGCCGACGACTCTCTATGTGTAGATCTCGGTGGTCGCCGTATCATT	98	C23	cchum003	ColonCancer	GH	0.03720	2016-08-13	Human	0	Cancer
49	MG100146	Hannigan	0000-00-00	N710	S502	HS4K	NexteraXT004	12	2.175	10	510	72256	N710	CGAGGCTG	CAGCCTCG	CCGAGCCCACGAGACCAGCCTCG	S502	CTCTCTAT	GACGCTGCCGACGACTCTCTATGTGTAGATCTCGGTGGTCGCCGTATCATT	49	C24	cchum003	ColonCancer	GH	0.00000	2016-06-29	Human	0	Cancer
99	MG100147	Hannigan	0000-00-00	N711	S502	HS4K	NexteraXT004	12	1.367	10	510	72263	N711	AAGAGGCA	TGCCTCTT	CCGAGCCCACGAGACTGCCTCTT	S502	CTCTCTAT	GACGCTGCCGACGACTCTCTATGTGTAGATCTCGGTGGTCGCCGTATCATT	99	C25	cchum003	ColonCancer	GH	0.03720	2016-08-13	Human	0	Cancer
100	MG100148	Hannigan	0000-00-00	N712	S502	HS4K	NexteraXT004	12	1.098	10	510	72270	N712	GTAGAGGA	TCCTCTAC	CCGAGCCCACGAGACTCCTCTAC	S502	CTCTCTAT	GACGCTGCCGACGACTCTCTATGTGTAGATCTCGGTGGTCGCCGTATCATT	100	C26	cchum003	ColonCancer	GH	0.05880	2016-08-13	Human	0	Cancer
90	MG100149	Hannigan	0000-00-00	N701	S503	HS4K	NexteraXT004	12	0.430	10	510	72193	N701	TAAGGCGA	TCGCCTTA	CCGAGCCCACGAGACTCGCCTTA	S503	TATCCTCT	GACGCTGCCGACGATATCCTCTGTGTAGATCTCGGTGGTCGCCGTATCATT	90	C27	cchum003	ColonCancer	GH	0.05040	2016-08-12	Human	0	Cancer
91	MG100150	Hannigan	0000-00-00	N702	S503	HS4K	NexteraXT004	12	2.215	10	510	72201	N702	CGTACTAG	CTAGTACG	CCGAGCCCACGAGACCTAGTACG	S503	TATCCTCT	GACGCTGCCGACGATATCCTCTGTGTAGATCTCGGTGGTCGCCGTATCATT	91	C28	cchum003	ColonCancer	GH	0.19400	2016-08-12	Human	0	Cancer
71	MG100151	Hannigan	0000-00-00	N703	S503	HS4K	NexteraXT004	12	1.811	10	510	72208	N703	AGGCAGAA	TTCTGCCT	CCGAGCCCACGAGACTTCTGCCT	S503	TATCCTCT	GACGCTGCCGACGATATCCTCTGTGTAGATCTCGGTGGTCGCCGTATCATT	71	C29	cchum003	ColonCancer	GH	0.04960	2016-08-03	Human	0	Cancer
72	MG100152	Hannigan	0000-00-00	N704	S503	HS4K	NexteraXT004	12	0.916	10	510	72215	N704	TCCTGAGC	GCTCAGGA	CCGAGCCCACGAGACGCTCAGGA	S503	TATCCTCT	GACGCTGCCGACGATATCCTCTGTGTAGATCTCGGTGGTCGCCGTATCATT	72	C30	cchum003	ColonCancer	GH	0.33500	2016-08-03	Human	0	Cancer
43	MG100153	Hannigan	0000-00-00	N705	S503	HS4K	NexteraXT004	12	0.295	10	510	72222	N705	GGACTCCT	AGGAGTCC	CCGAGCCCACGAGACAGGAGTCC	S503	TATCCTCT	GACGCTGCCGACGATATCCTCTGTGTAGATCTCGGTGGTCGCCGTATCATT	43	H01	cchum003	ColonCancer	GH	0.05100	2016-06-29	Human	0	Healthy
55	MG100154	Hannigan	0000-00-00	N706	S503	HS4K	NexteraXT004	12	1.787	10	510	72229	N706	TAGGCATG	CATGCCTA	CCGAGCCCACGAGACCATGCCTA	S503	TATCCTCT	GACGCTGCCGACGATATCCTCTGTGTAGATCTCGGTGGTCGCCGTATCATT	55	H02	cchum003	ColonCancer	GH	0.02840	2016-07-12	Human	0	Healthy
56	MG100155	Hannigan	0000-00-00	N707	S503	HS4K	NexteraXT004	12	1.583	10	510	72236	N707	CTCTCTAC	GTAGAGAG	CCGAGCCCACGAGACGTAGAGAG	S503	TATCCTCT	GACGCTGCCGACGATATCCTCTGTGTAGATCTCGGTGGTCGCCGTATCATT	56	H03	cchum003	ColonCancer	GH	0.00000	2016-07-12	Human	0	Healthy
57	MG100156	Hannigan	0000-00-00	N708	S503	HS4K	NexteraXT004	12	0.798	10	510	72243	N708	CAGAGAGG	CCTCTCTG	CCGAGCCCACGAGACCCTCTCTG	S503	TATCCTCT	GACGCTGCCGACGATATCCTCTGTGTAGATCTCGGTGGTCGCCGTATCATT	57	H04	cchum003	ColonCancer	GH	0.02920	2016-07-12	Human	0	Healthy
58	MG100157	Hannigan	0000-00-00	N709	S503	HS4K	NexteraXT004	12	1.784	10	510	72250	N709	GCTACGCT	AGCGTAGC	CCGAGCCCACGAGACAGCGTAGC	S503	TATCCTCT	GACGCTGCCGACGATATCCTCTGTGTAGATCTCGGTGGTCGCCGTATCATT	58	H05	cchum003	ColonCancer	GH	0.05440	2016-07-12	Human	0	Healthy
38	MG100158	Hannigan	0000-00-00	N710	S503	HS4K	NexteraXT004	12	2.794	10	510	72257	N710	CGAGGCTG	CAGCCTCG	CCGAGCCCACGAGACCAGCCTCG	S503	TATCCTCT	GACGCTGCCGACGATATCCTCTGTGTAGATCTCGGTGGTCGCCGTATCATT	38	H06	cchum003	ColonCancer	GH	0.05800	2016-06-08	Human	0	Healthy
39	MG100159	Hannigan	0000-00-00	N711	S503	HS4K	NexteraXT004	12	2.030	10	510	72264	N711	AAGAGGCA	TGCCTCTT	CCGAGCCCACGAGACTGCCTCTT	S503	TATCCTCT	GACGCTGCCGACGATATCCTCTGTGTAGATCTCGGTGGTCGCCGTATCATT	39	H07	cchum003	ColonCancer	GH	0.09780	2016-06-08	Human	0	Healthy
40	MG100160	Hannigan	0000-00-00	N712	S503	HS4K	NexteraXT004	12	0.241	10	510	72271	N712	GTAGAGGA	TCCTCTAC	CCGAGCCCACGAGACTCCTCTAC	S503	TATCCTCT	GACGCTGCCGACGATATCCTCTGTGTAGATCTCGGTGGTCGCCGTATCATT	40	H08	cchum003	ColonCancer	GH	0.11700	2016-06-08	Human	0	Healthy
41	MG100161	Hannigan	0000-00-00	N701	S504	HS4K	NexteraXT004	12	1.243	10	510	72194	N701	TAAGGCGA	TCGCCTTA	CCGAGCCCACGAGACTCGCCTTA	S504	AGAGTAGA	GACGCTGCCGACGAAGAGTAGAGTGTAGATCTCGGTGGTCGCCGTATCATT	41	H09	cchum003	ColonCancer	GH	0.03480	2016-06-08	Human	0	Healthy
31	MG100162	Hannigan	0000-00-00	N702	S504	HS4K	NexteraXT004	12	0.919	10	510	72202	N702	CGTACTAG	CTAGTACG	CCGAGCCCACGAGACCTAGTACG	S504	AGAGTAGA	GACGCTGCCGACGAAGAGTAGAGTGTAGATCTCGGTGGTCGCCGTATCATT	31	H10	cchum003	ColonCancer	GH	0.29800	2016-06-06	Human	0	Healthy
30	MG100163	Hannigan	0000-00-00	N703	S504	HS4K	NexteraXT004	12	-0.399	10	510	72209	N703	AGGCAGAA	TTCTGCCT	CCGAGCCCACGAGACTTCTGCCT	S504	AGAGTAGA	GACGCTGCCGACGAAGAGTAGAGTGTAGATCTCGGTGGTCGCCGTATCATT	30	H11	cchum003	ColonCancer	GH	0.01420	2016-06-06	Human	0	Healthy
59	MG100164	Hannigan	0000-00-00	N704	S504	HS4K	NexteraXT004	12	0.573	10	510	72216	N704	TCCTGAGC	GCTCAGGA	CCGAGCCCACGAGACGCTCAGGA	S504	AGAGTAGA	GACGCTGCCGACGAAGAGTAGAGTGTAGATCTCGGTGGTCGCCGTATCATT	59	H12	cchum003	ColonCancer	GH	0.03360	2016-07-12	Human	0	Healthy
61	MG100165	Hannigan	0000-00-00	N705	S504	HS4K	NexteraXT004	12	2.295	10	510	72223	N705	GGACTCCT	AGGAGTCC	CCGAGCCCACGAGACAGGAGTCC	S504	AGAGTAGA	GACGCTGCCGACGAAGAGTAGAGTGTAGATCTCGGTGGTCGCCGTATCATT	61	H13	cchum003	ColonCancer	GH	0.07600	2016-08-01	Human	0	Healthy
62	MG100166	Hannigan	0000-00-00	N706	S504	HS4K	NexteraXT004	12	1.280	10	510	72230	N706	TAGGCATG	CATGCCTA	CCGAGCCCACGAGACCATGCCTA	S504	AGAGTAGA	GACGCTGCCGACGAAGAGTAGAGTGTAGATCTCGGTGGTCGCCGTATCATT	62	H14	cchum003	ColonCancer	GH	0.04360	2016-08-01	Human	0	Healthy
63	MG100167	Hannigan	0000-00-00	N707	S504	HS4K	NexteraXT004	12	2.256	10	510	72237	N707	CTCTCTAC	GTAGAGAG	CCGAGCCCACGAGACGTAGAGAG	S504	AGAGTAGA	GACGCTGCCGACGAAGAGTAGAGTGTAGATCTCGGTGGTCGCCGTATCATT	63	H15	cchum003	ColonCancer	GH	0.02080	2016-08-01	Human	0	Healthy
64	MG100168	Hannigan	0000-00-00	N708	S504	HS4K	NexteraXT004	12	1.946	10	510	72244	N708	CAGAGAGG	CCTCTCTG	CCGAGCCCACGAGACCCTCTCTG	S504	AGAGTAGA	GACGCTGCCGACGAAGAGTAGAGTGTAGATCTCGGTGGTCGCCGTATCATT	64	H16	cchum003	ColonCancer	GH	0.04760	2016-08-01	Human	0	Healthy
65	MG100169	Hannigan	0000-00-00	N709	S504	HS4K	NexteraXT004	12	4.315	10	510	72251	N709	GCTACGCT	AGCGTAGC	CCGAGCCCACGAGACAGCGTAGC	S504	AGAGTAGA	GACGCTGCCGACGAAGAGTAGAGTGTAGATCTCGGTGGTCGCCGTATCATT	65	H17	cchum003	ColonCancer	GH	0.02720	2016-08-01	Human	0	Healthy
92	MG100170	Hannigan	0000-00-00	N710	S504	HS4K	NexteraXT004	12	2.731	10	510	72258	N710	CGAGGCTG	CAGCCTCG	CCGAGCCCACGAGACCAGCCTCG	S504	AGAGTAGA	GACGCTGCCGACGAAGAGTAGAGTGTAGATCTCGGTGGTCGCCGTATCATT	92	H19	cchum003	ColonCancer	GH	0.09720	2016-08-12	Human	0	Healthy
93	MG100171	Hannigan	0000-00-00	N711	S504	HS4K	NexteraXT004	12	2.899	10	510	72265	N711	AAGAGGCA	TGCCTCTT	CCGAGCCCACGAGACTGCCTCTT	S504	AGAGTAGA	GACGCTGCCGACGAAGAGTAGAGTGTAGATCTCGGTGGTCGCCGTATCATT	93	H20	cchum003	ColonCancer	GH	0.02760	2016-08-12	Human	0	Healthy
101	MG100172	Hannigan	0000-00-00	N712	S504	HS4K	NexteraXT004	12	1.422	10	510	72272	N712	GTAGAGGA	TCCTCTAC	CCGAGCCCACGAGACTCCTCTAC	S504	AGAGTAGA	GACGCTGCCGACGAAGAGTAGAGTGTAGATCTCGGTGGTCGCCGTATCATT	101	H21	cchum003	ColonCancer	GH	0.02200	2016-08-13	Human	0	Healthy
102	MG100173	Hannigan	0000-00-00	N701	S505	HS4K	NexteraXT004	12	1.024	10	510	72195	N701	TAAGGCGA	TCGCCTTA	CCGAGCCCACGAGACTCGCCTTA	S505	GTAAGGAG	GACGCTGCCGACGAGTAAGGAGGTGTAGATCTCGGTGGTCGCCGTATCATT	102	H22	cchum003	ColonCancer	GH	0.06000	2016-08-13	Human	0	Healthy
103	MG100174	Hannigan	0000-00-00	N702	S505	HS4K	NexteraXT004	12	0.512	10	510	72203	N702	CGTACTAG	CTAGTACG	CCGAGCCCACGAGACCTAGTACG	S505	GTAAGGAG	GACGCTGCCGACGAGTAAGGAGGTGTAGATCTCGGTGGTCGCCGTATCATT	103	H23	cchum003	ColonCancer	GH	0.00000	2016-08-13	Human	0	Healthy
27	MG100175	Hannigan	0000-00-00	N703	S505	HS4K	NexteraXT004	12	1.379	10	510	72210	N703	AGGCAGAA	TTCTGCCT	CCGAGCCCACGAGACTTCTGCCT	S505	GTAAGGAG	GACGCTGCCGACGAGTAAGGAGGTGTAGATCTCGGTGGTCGCCGTATCATT	27	H24	cchum003	ColonCancer	GH	0.04940	2016-06-06	Human	0	Healthy
109	MG100176	Hannigan	0000-00-00	N704	S505	HS4K	NexteraXT004	12	0.859	10	510	72217	N704	TCCTGAGC	GCTCAGGA	CCGAGCCCACGAGACGCTCAGGA	S505	GTAAGGAG	GACGCTGCCGACGAGTAAGGAGGTGTAGATCTCGGTGGTCGCCGTATCATT	109	H25	cchum003	ColonCancer	GH	0.05960	2016-08-08	Human	0	Healthy
28	MG100177	Hannigan	0000-00-00	N705	S505	HS4K	NexteraXT004	12	1.587	10	510	72224	N705	GGACTCCT	AGGAGTCC	CCGAGCCCACGAGACAGGAGTCC	S505	GTAAGGAG	GACGCTGCCGACGAGTAAGGAGGTGTAGATCTCGGTGGTCGCCGTATCATT	28	H26	cchum003	ColonCancer	GH	0.02280	2016-06-06	Human	0	Healthy
110	MG100178	Hannigan	0000-00-00	N706	S505	HS4K	NexteraXT004	12	2.278	10	510	72231	N706	TAGGCATG	CATGCCTA	CCGAGCCCACGAGACCATGCCTA	S505	GTAAGGAG	GACGCTGCCGACGAGTAAGGAGGTGTAGATCTCGGTGGTCGCCGTATCATT	110	H28	cchum003	ColonCancer	GH	0.04600	2016-08-08	Human	0	Healthy
111	MG100179	Hannigan	0000-00-00	N707	S505	HS4K	NexteraXT004	12	0.793	10	510	72238	N707	CTCTCTAC	GTAGAGAG	CCGAGCCCACGAGACGTAGAGAG	S505	GTAAGGAG	GACGCTGCCGACGAGTAAGGAGGTGTAGATCTCGGTGGTCGCCGTATCATT	111	H29	cchum003	ColonCancer	GH	0.08440	2016-08-08	Human	0	Healthy
29	MG100180	Hannigan	0000-00-00	N708	S505	HS4K	NexteraXT004	12	3.097	10	510	72245	N708	CAGAGAGG	CCTCTCTG	CCGAGCCCACGAGACCCTCTCTG	S505	GTAAGGAG	GACGCTGCCGACGAGTAAGGAGGTGTAGATCTCGGTGGTCGCCGTATCATT	29	H30	cchum003	ColonCancer	GH	0.03720	2016-06-06	Human	0	Healthy
45	MG100181	Hannigan	0000-00-00	N709	S505	HS4K	NexteraXT004	12	0.640	10	510	72252	N709	GCTACGCT	AGCGTAGC	CCGAGCCCACGAGACAGCGTAGC	S505	GTAAGGAG	GACGCTGCCGACGAGTAAGGAGGTGTAGATCTCGGTGGTCGCCGTATCATT	45	A01	cchum003	ColonCancer	GH	0.14800	2016-06-29	Human	0	Adenoma
14	MG100182	Hannigan	0000-00-00	N710	S505	HS4K	NexteraXT004	12	2.328	10	510	72259	N710	CGAGGCTG	CAGCCTCG	CCGAGCCCACGAGACCAGCCTCG	S505	GTAAGGAG	GACGCTGCCGACGAGTAAGGAGGTGTAGATCTCGGTGGTCGCCGTATCATT	14	A02	cchum001	ColonCancer	GH	0.02340	2016-03-09	Human	0	Adenoma
44	MG100183	Hannigan	0000-00-00	N711	S505	HS4K	NexteraXT004	12	-0.738	10	510	72266	N711	AAGAGGCA	TGCCTCTT	CCGAGCCCACGAGACTGCCTCTT	S505	GTAAGGAG	GACGCTGCCGACGAGTAAGGAGGTGTAGATCTCGGTGGTCGCCGTATCATT	44	A03	cchum003	ColonCancer	GH	0.38100	2016-06-29	Human	0	Adenoma
15	MG100184	Hannigan	0000-00-00	N712	S505	HS4K	NexteraXT004	12	0.666	10	510	72273	N712	GTAGAGGA	TCCTCTAC	CCGAGCCCACGAGACTCCTCTAC	S505	GTAAGGAG	GACGCTGCCGACGAGTAAGGAGGTGTAGATCTCGGTGGTCGCCGTATCATT	15	A04	cchum001	ColonCancer	GH	0.04700	2016-03-09	Human	0	Adenoma
16	MG100185	Hannigan	0000-00-00	N701	S506	HS4K	NexteraXT004	12	-0.352	10	510	72196	N701	TAAGGCGA	TCGCCTTA	CCGAGCCCACGAGACTCGCCTTA	S506	ACTGCATA	GACGCTGCCGACGAACTGCATAGTGTAGATCTCGGTGGTCGCCGTATCATT	16	A05	cchum001	ColonCancer	GH	0.07180	2016-03-09	Human	0	Adenoma
17	MG100186	Hannigan	0000-00-00	N702	S506	HS4K	NexteraXT004	12	0.492	10	510	72204	N702	CGTACTAG	CTAGTACG	CCGAGCCCACGAGACCTAGTACG	S506	ACTGCATA	GACGCTGCCGACGAACTGCATAGTGTAGATCTCGGTGGTCGCCGTATCATT	17	A06	cchum001	ColonCancer	GH	0.01800	2016-03-09	Human	0	Adenoma
19	MG100187	Hannigan	0000-00-00	N703	S506	HS4K	NexteraXT004	12	0.640	10	510	72211	N703	AGGCAGAA	TTCTGCCT	CCGAGCCCACGAGACTTCTGCCT	S506	ACTGCATA	GACGCTGCCGACGAACTGCATAGTGTAGATCTCGGTGGTCGCCGTATCATT	19	A07	cchum002	ColonCancer	GH	0.03640	2016-03-11	Human	0	Adenoma
48	MG100188	Hannigan	0000-00-00	N704	S506	HS4K	NexteraXT004	12	0.698	10	510	72218	N704	TCCTGAGC	GCTCAGGA	CCGAGCCCACGAGACGCTCAGGA	S506	ACTGCATA	GACGCTGCCGACGAACTGCATAGTGTAGATCTCGGTGGTCGCCGTATCATT	48	A09	cchum003	ColonCancer	GH	0.00000	2016-06-29	Human	0	Adenoma
51	MG100189	Hannigan	0000-00-00	N705	S506	HS4K	NexteraXT004	12	0.121	10	510	72225	N705	GGACTCCT	AGGAGTCC	CCGAGCCCACGAGACAGGAGTCC	S506	ACTGCATA	GACGCTGCCGACGAACTGCATAGTGTAGATCTCGGTGGTCGCCGTATCATT	51	A10	cchum003	ColonCancer	GH	0.14900	2016-07-12	Human	0	Adenoma
52	MG100190	Hannigan	0000-00-00	N706	S506	HS4K	NexteraXT004	12	0.602	10	510	72232	N706	TAGGCATG	CATGCCTA	CCGAGCCCACGAGACCATGCCTA	S506	ACTGCATA	GACGCTGCCGACGAACTGCATAGTGTAGATCTCGGTGGTCGCCGTATCATT	52	A11	cchum003	ColonCancer	GH	0.02960	2016-07-12	Human	0	Adenoma
53	MG100191	Hannigan	0000-00-00	N707	S506	HS4K	NexteraXT004	12	1.922	10	510	72239	N707	CTCTCTAC	GTAGAGAG	CCGAGCCCACGAGACGTAGAGAG	S506	ACTGCATA	GACGCTGCCGACGAACTGCATAGTGTAGATCTCGGTGGTCGCCGTATCATT	53	A12	cchum003	ColonCancer	GH	0.03280	2016-07-12	Human	0	Adenoma
54	MG100192	Hannigan	0000-00-00	N708	S506	HS4K	NexteraXT004	12	2.434	10	510	72246	N708	CAGAGAGG	CCTCTCTG	CCGAGCCCACGAGACCCTCTCTG	S506	ACTGCATA	GACGCTGCCGACGAACTGCATAGTGTAGATCTCGGTGGTCGCCGTATCATT	54	A13	cchum003	ColonCancer	GH	0.05960	2016-07-12	Human	0	Adenoma
78	MG100193	Hannigan	0000-00-00	N709	S506	HS4K	NexteraXT004	12	0.336	10	510	72253	N709	GCTACGCT	AGCGTAGC	CCGAGCCCACGAGACAGCGTAGC	S506	ACTGCATA	GACGCTGCCGACGAACTGCATAGTGTAGATCTCGGTGGTCGCCGTATCATT	78	A14	cchum003	ColonCancer	GH	0.08560	2016-08-09	Human	0	Adenoma
79	MG100194	Hannigan	0000-00-00	N710	S506	HS4K	NexteraXT004	12	3.040	10	510	72260	N710	CGAGGCTG	CAGCCTCG	CCGAGCCCACGAGACCAGCCTCG	S506	ACTGCATA	GACGCTGCCGACGAACTGCATAGTGTAGATCTCGGTGGTCGCCGTATCATT	79	A15	cchum003	ColonCancer	GH	0.13000	2016-08-09	Human	0	Adenoma
80	MG100195	Hannigan	0000-00-00	N711	S506	HS4K	NexteraXT004	12	2.817	10	510	72267	N711	AAGAGGCA	TGCCTCTT	CCGAGCCCACGAGACTGCCTCTT	S506	ACTGCATA	GACGCTGCCGACGAACTGCATAGTGTAGATCTCGGTGGTCGCCGTATCATT	80	A16	cchum003	ColonCancer	GH	0.06800	2016-08-09	Human	0	Adenoma
86	MG100196	Hannigan	0000-00-00	N712	S506	HS4K	NexteraXT004	12	0.499	10	510	72274	N712	GTAGAGGA	TCCTCTAC	CCGAGCCCACGAGACTCCTCTAC	S506	ACTGCATA	GACGCTGCCGACGAACTGCATAGTGTAGATCTCGGTGGTCGCCGTATCATT	86	A17	cchum003	ColonCancer	GH	0.04280	2016-08-12	Human	0	Adenoma
87	MG100197	Hannigan	0000-00-00	N701	S507	HS4K	NexteraXT004	12	-0.647	10	510	72197	N701	TAAGGCGA	TCGCCTTA	CCGAGCCCACGAGACTCGCCTTA	S507	AAGGAGTA	GACGCTGCCGACGAAAGGAGTAGTGTAGATCTCGGTGGTCGCCGTATCATT	87	A18	cchum003	ColonCancer	GH	0.04600	2016-08-12	Human	0	Adenoma
88	MG100198	Hannigan	0000-00-00	N702	S507	HS4K	NexteraXT004	12	0.620	10	510	72205	N702	CGTACTAG	CTAGTACG	CCGAGCCCACGAGACCTAGTACG	S507	AAGGAGTA	GACGCTGCCGACGAAAGGAGTAGTGTAGATCTCGGTGGTCGCCGTATCATT	88	A19	cchum003	ColonCancer	GH	0.00000	2016-08-12	Human	0	Adenoma
89	MG100199	Hannigan	0000-00-00	N703	S507	HS4K	NexteraXT004	12	0.954	10	510	72212	N703	AGGCAGAA	TTCTGCCT	CCGAGCCCACGAGACTTCTGCCT	S507	AAGGAGTA	GACGCTGCCGACGAAAGGAGTAGTGTAGATCTCGGTGGTCGCCGTATCATT	89	A20	cchum003	ColonCancer	GH	0.02880	2016-08-12	Human	0	Adenoma
95	MG100200	Hannigan	0000-00-00	N704	S507	HS4K	NexteraXT004	12	0.241	10	510	72219	N704	TCCTGAGC	GCTCAGGA	CCGAGCCCACGAGACGCTCAGGA	S507	AAGGAGTA	GACGCTGCCGACGAAAGGAGTAGTGTAGATCTCGGTGGTCGCCGTATCATT	95	A21	cchum003	ColonCancer	GH	0.07000	2016-08-13	Human	0	Adenoma
96	MG100201	Hannigan	0000-00-00	N705	S507	HS4K	NexteraXT004	12	1.101	10	510	72226	N705	GGACTCCT	AGGAGTCC	CCGAGCCCACGAGACAGGAGTCC	S507	AAGGAGTA	GACGCTGCCGACGAAAGGAGTAGTGTAGATCTCGGTGGTCGCCGTATCATT	96	A22	cchum003	ColonCancer	GH	0.04320	2016-08-13	Human	0	Adenoma
73	MG100202	Hannigan	0000-00-00	N706	S507	HS4K	NexteraXT004	12	1.053	10	510	72233	N706	TAGGCATG	CATGCCTA	CCGAGCCCACGAGACCATGCCTA	S507	AAGGAGTA	GACGCTGCCGACGAAAGGAGTAGTGTAGATCTCGGTGGTCGCCGTATCATT	73	A23	cchum003	ColonCancer	GH	0.03160	2016-08-03	Human	0	Adenoma
74	MG100203	Hannigan	0000-00-00	N707	S507	HS4K	NexteraXT004	12	3.935	10	510	72240	N707	CTCTCTAC	GTAGAGAG	CCGAGCCCACGAGACGTAGAGAG	S507	AAGGAGTA	GACGCTGCCGACGAAAGGAGTAGTGTAGATCTCGGTGGTCGCCGTATCATT	74	A24	cchum003	ColonCancer	GH	0.04440	2016-08-03	Human	0	Adenoma
75	MG100204	Hannigan	0000-00-00	N708	S507	HS4K	NexteraXT004	12	1.208	10	510	72247	N708	CAGAGAGG	CCTCTCTG	CCGAGCCCACGAGACCCTCTCTG	S507	AAGGAGTA	GACGCTGCCGACGAAAGGAGTAGTGTAGATCTCGGTGGTCGCCGTATCATT	75	A25	cchum003	ColonCancer	GH	0.03040	2016-08-03	Human	0	Adenoma
105	MG100205	Hannigan	0000-00-00	N709	S507	HS4K	NexteraXT004	12	3.813	10	510	72254	N709	GCTACGCT	AGCGTAGC	CCGAGCCCACGAGACAGCGTAGC	S507	AAGGAGTA	GACGCTGCCGACGAAAGGAGTAGTGTAGATCTCGGTGGTCGCCGTATCATT	105	A26	cchum003	ColonCancer	GH	0.00000	2016-08-08	Human	0	Adenoma
106	MG100206	Hannigan	0000-00-00	N710	S507	HS4K	NexteraXT004	12	1.149	10	510	72261	N710	CGAGGCTG	CAGCCTCG	CCGAGCCCACGAGACCAGCCTCG	S507	AAGGAGTA	GACGCTGCCGACGAAAGGAGTAGTGTAGATCTCGGTGGTCGCCGTATCATT	106	A27	cchum003	ColonCancer	GH	0.08560	2016-08-08	Human	0	Adenoma
107	MG100207	Hannigan	0000-00-00	N711	S507	HS4K	NexteraXT004	12	2.905	10	510	72268	N711	AAGAGGCA	TGCCTCTT	CCGAGCCCACGAGACTGCCTCTT	S507	AAGGAGTA	GACGCTGCCGACGAAAGGAGTAGTGTAGATCTCGGTGGTCGCCGTATCATT	107	A28	cchum003	ColonCancer	GH	0.13000	2016-08-08	Human	0	Adenoma
108	MG100208	Hannigan	0000-00-00	N712	S507	HS4K	NexteraXT004	12	1.260	10	510	72275	N712	GTAGAGGA	TCCTCTAC	CCGAGCCCACGAGACTCCTCTAC	S507	AAGGAGTA	GACGCTGCCGACGAAAGGAGTAGTGTAGATCTCGGTGGTCGCCGTATCATT	108	A29	cchum003	ColonCancer	GH	0.06800	2016-08-08	Human	0	Adenoma
113	MG100209	Hannigan	0000-00-00	N701	S508	HS4K	NexteraXT004	12	-0.673	10	510	72198	N701	TAAGGCGA	TCGCCTTA	CCGAGCCCACGAGACTCGCCTTA	S508	CTAAGCCT	GACGCTGCCGACGACTAAGCCTGTGTAGATCTCGGTGGTCGCCGTATCATT	113	MetaBlank	cchum003	ColonCancer	GH	0.00000	2000-01-01	Blank	0	Negative
