15	MG100015	Hannigan	0000-00-00	N702	S517	MiSeq	NexteraXT002	18	3.270	10	433	N702	CGTACTAG	CTAGTACG	CCGAGCCCACGAGACCTAGTACG	S517	GCGTAAGA	GACGCTGCCGACGAGCGTAAGAGTGTAGATCTCGGTGGTCGCCGTATCATT
16	MG100014	Hannigan	0000-00-00	N701	S517	MiSeq	NexteraXT002	18	1.470	10	433	N701	TAAGGCGA	TCGCCTTA	CCGAGCCCACGAGACTCGCCTTA	S517	GCGTAAGA	GACGCTGCCGACGAGCGTAAGAGTGTAGATCTCGGTGGTCGCCGTATCATT
20	MG100016	Hannigan	0000-00-00	N703	S517	MiSeq	NexteraXT002	18	10.100	10	433	N703	AGGCAGAA	TTCTGCCT	CCGAGCCCACGAGACTTCTGCCT	S517	GCGTAAGA	GACGCTGCCGACGAGCGTAAGAGTGTAGATCTCGGTGGTCGCCGTATCATT
21	MG100017	Hannigan	0000-00-00	N704	S517	MiSeq	NexteraXT002	18	10.600	10	433	N704	TCCTGAGC	GCTCAGGA	CCGAGCCCACGAGACGCTCAGGA	S517	GCGTAAGA	GACGCTGCCGACGAGCGTAAGAGTGTAGATCTCGGTGGTCGCCGTATCATT
22	MG100018	Hannigan	0000-00-00	N705	S517	MiSeq	NexteraXT002	18	0.154	10	433	N705	GGACTCCT	AGGAGTCC	CCGAGCCCACGAGACAGGAGTCC	S517	GCGTAAGA	GACGCTGCCGACGAGCGTAAGAGTGTAGATCTCGGTGGTCGCCGTATCATT
23	MG100019	Hannigan	0000-00-00	N706	S517	MiSeq	NexteraXT002	18	15.800	10	433	N706	TAGGCATG	CATGCCTA	CCGAGCCCACGAGACCATGCCTA	S517	GCGTAAGA	GACGCTGCCGACGAGCGTAAGAGTGTAGATCTCGGTGGTCGCCGTATCATT
24	MG100020	Hannigan	0000-00-00	N701	S502	MiSeq	NexteraXT002	18	6.080	10	433	N701	TAAGGCGA	TCGCCTTA	CCGAGCCCACGAGACTCGCCTTA	S502	CTCTCTAT	GACGCTGCCGACGACTCTCTATGTGTAGATCTCGGTGGTCGCCGTATCATT
25	MG100021	Hannigan	0000-00-00	N702	S502	MiSeq	NexteraXT002	18	8.160	10	433	N702	CGTACTAG	CTAGTACG	CCGAGCCCACGAGACCTAGTACG	S502	CTCTCTAT	GACGCTGCCGACGACTCTCTATGTGTAGATCTCGGTGGTCGCCGTATCATT
26	MG100022	Hannigan	0000-00-00	N703	S502	MiSeq	NexteraXT002	18	6.740	10	433	N703	AGGCAGAA	TTCTGCCT	CCGAGCCCACGAGACTTCTGCCT	S502	CTCTCTAT	GACGCTGCCGACGACTCTCTATGTGTAGATCTCGGTGGTCGCCGTATCATT
27	MG100023	Hannigan	0000-00-00	N704	S502	MiSeq	NexteraXT002	18	9.470	10	433	N704	TCCTGAGC	GCTCAGGA	CCGAGCCCACGAGACGCTCAGGA	S502	CTCTCTAT	GACGCTGCCGACGACTCTCTATGTGTAGATCTCGGTGGTCGCCGTATCATT
28	MG100024	Hannigan	0000-00-00	N705	S502	MiSeq	NexteraXT002	18	4.200	10	433	N705	GGACTCCT	AGGAGTCC	CCGAGCCCACGAGACAGGAGTCC	S502	CTCTCTAT	GACGCTGCCGACGACTCTCTATGTGTAGATCTCGGTGGTCGCCGTATCATT
29	MG100025	Hannigan	0000-00-00	N706	S502	MiSeq	NexteraXT002	18	16.800	10	433	N706	TAGGCATG	CATGCCTA	CCGAGCCCACGAGACCATGCCTA	S502	CTCTCTAT	GACGCTGCCGACGACTCTCTATGTGTAGATCTCGGTGGTCGCCGTATCATT
30	MG100026	Hannigan	0000-00-00	N701	S503	MiSeq	NexteraXT002	18	1.610	10	433	N701	TAAGGCGA	TCGCCTTA	CCGAGCCCACGAGACTCGCCTTA	S503	TATCCTCT	GACGCTGCCGACGATATCCTCTGTGTAGATCTCGGTGGTCGCCGTATCATT
31	MG100027	Hannigan	0000-00-00	N702	S503	MiSeq	NexteraXT002	18	3.040	10	433	N702	CGTACTAG	CTAGTACG	CCGAGCCCACGAGACCTAGTACG	S503	TATCCTCT	GACGCTGCCGACGATATCCTCTGTGTAGATCTCGGTGGTCGCCGTATCATT
32	MG100028	Hannigan	0000-00-00	N703	S503	MiSeq	NexteraXT002	18	0.580	10	433	N703	AGGCAGAA	TTCTGCCT	CCGAGCCCACGAGACTTCTGCCT	S503	TATCCTCT	GACGCTGCCGACGATATCCTCTGTGTAGATCTCGGTGGTCGCCGTATCATT
33	MG100029	Hannigan	0000-00-00	N704	S503	MiSeq	NexteraXT002	18	12.700	10	433	N704	TCCTGAGC	GCTCAGGA	CCGAGCCCACGAGACGCTCAGGA	S503	TATCCTCT	GACGCTGCCGACGATATCCTCTGTGTAGATCTCGGTGGTCGCCGTATCATT
34	MG100030	Hannigan	0000-00-00	N705	S503	MiSeq	NexteraXT002	18	19.400	10	433	N705	GGACTCCT	AGGAGTCC	CCGAGCCCACGAGACAGGAGTCC	S503	TATCCTCT	GACGCTGCCGACGATATCCTCTGTGTAGATCTCGGTGGTCGCCGTATCATT
35	MG100031	Hannigan	0000-00-00	N706	S503	MiSeq	NexteraXT002	18	16.900	10	433	N706	TAGGCATG	CATGCCTA	CCGAGCCCACGAGACCATGCCTA	S503	TATCCTCT	GACGCTGCCGACGATATCCTCTGTGTAGATCTCGGTGGTCGCCGTATCATT
36	MG100032	Hannigan	0000-00-00	N701	S504	MiSeq	NexteraXT002	18	20.200	10	433	N701	TAAGGCGA	TCGCCTTA	CCGAGCCCACGAGACTCGCCTTA	S504	AGAGTAGA	GACGCTGCCGACGAAGAGTAGAGTGTAGATCTCGGTGGTCGCCGTATCATT
37	MG100033	Hannigan	0000-00-00	N702	S504	MiSeq	NexteraXT002	18	2.780	10	433	N702	CGTACTAG	CTAGTACG	CCGAGCCCACGAGACCTAGTACG	S504	AGAGTAGA	GACGCTGCCGACGAAGAGTAGAGTGTAGATCTCGGTGGTCGCCGTATCATT
38	MG100034	Hannigan	0000-00-00	N703	S504	MiSeq	NexteraXT002	18	1.890	10	433	N703	AGGCAGAA	TTCTGCCT	CCGAGCCCACGAGACTTCTGCCT	S504	AGAGTAGA	GACGCTGCCGACGAAGAGTAGAGTGTAGATCTCGGTGGTCGCCGTATCATT
39	MG100035	Hannigan	0000-00-00	N704	S504	MiSeq	NexteraXT002	18	0.549	10	433	N704	TCCTGAGC	GCTCAGGA	CCGAGCCCACGAGACGCTCAGGA	S504	AGAGTAGA	GACGCTGCCGACGAAGAGTAGAGTGTAGATCTCGGTGGTCGCCGTATCATT
40	MG100036	Hannigan	0000-00-00	N705	S504	MiSeq	NexteraXT002	18	0.772	10	433	N705	GGACTCCT	AGGAGTCC	CCGAGCCCACGAGACAGGAGTCC	S504	AGAGTAGA	GACGCTGCCGACGAAGAGTAGAGTGTAGATCTCGGTGGTCGCCGTATCATT
41	MG100037	Hannigan	0000-00-00	N706	S504	MiSeq	NexteraXT002	18	0.000	10	433	N706	TAGGCATG	CATGCCTA	CCGAGCCCACGAGACCATGCCTA	S504	AGAGTAGA	GACGCTGCCGACGAAGAGTAGAGTGTAGATCTCGGTGGTCGCCGTATCATT
