188	AB008550	Viruses	dsDNA_viruses,_no_RNA_stage	Caudovirales	Myoviridae	Peduovirinae	P2virus	Unclassified
260	AB045978	Viruses	dsDNA_viruses,_no_RNA_stage	Caudovirales	Siphoviridae	Triavirus	Unclassified	Unclassified
178	AB045978	Viruses	dsDNA_viruses,_no_RNA_stage	Caudovirales	Siphoviridae	Triavirus	Unclassified	Unclassified
272	AB045978	Viruses	dsDNA_viruses,_no_RNA_stage	Caudovirales	Siphoviridae	Triavirus	Unclassified	Unclassified
301	AB045978	Viruses	dsDNA_viruses,_no_RNA_stage	Caudovirales	Siphoviridae	Triavirus	Unclassified	Unclassified
281	AB045978	Viruses	dsDNA_viruses,_no_RNA_stage	Caudovirales	Siphoviridae	Triavirus	Unclassified	Unclassified
129	AB045978	Viruses	dsDNA_viruses,_no_RNA_stage	Caudovirales	Siphoviridae	Triavirus	Unclassified	Unclassified
207	AB045978	Viruses	dsDNA_viruses,_no_RNA_stage	Caudovirales	Siphoviridae	Triavirus	Unclassified	Unclassified
94	AB045978	Viruses	dsDNA_viruses,_no_RNA_stage	Caudovirales	Siphoviridae	Triavirus	Unclassified	Unclassified
303	AB045978	Viruses	dsDNA_viruses,_no_RNA_stage	Caudovirales	Siphoviridae	Triavirus	Unclassified	Unclassified
314	AB045978	Viruses	dsDNA_viruses,_no_RNA_stage	Caudovirales	Siphoviridae	Triavirus	Unclassified	Unclassified
243	AB045978	Viruses	dsDNA_viruses,_no_RNA_stage	Caudovirales	Siphoviridae	Triavirus	Unclassified	Unclassified
270	AB045978	Viruses	dsDNA_viruses,_no_RNA_stage	Caudovirales	Siphoviridae	Triavirus	Unclassified	Unclassified
130	AB045978	Viruses	dsDNA_viruses,_no_RNA_stage	Caudovirales	Siphoviridae	Triavirus	Unclassified	Unclassified
4	AB045978	Viruses	dsDNA_viruses,_no_RNA_stage	Caudovirales	Siphoviridae	Triavirus	Unclassified	Unclassified
322	AB045978	Viruses	dsDNA_viruses,_no_RNA_stage	Caudovirales	Siphoviridae	Triavirus	Unclassified	Unclassified
321	AB045978	Viruses	dsDNA_viruses,_no_RNA_stage	Caudovirales	Siphoviridae	Triavirus	Unclassified	Unclassified
1	AB049735	Viruses	dsDNA_viruses,_no_RNA_stage	Herpesvirales	Herpesviridae	Alphaherpesvirinae	Mardivirus	Unclassified
310	AB102868	Viruses	dsDNA_viruses,_no_RNA_stage	Caudovirales	Podoviridae	P22virus	Unclassified	Unclassified
108	AB102868	Viruses	dsDNA_viruses,_no_RNA_stage	Caudovirales	Podoviridae	P22virus	Unclassified	Unclassified
302	AB231700	Viruses	dsDNA_viruses,_no_RNA_stage	Caudovirales	Myoviridae	Unclassified	Unclassified	Unclassified
139	AB231700	Viruses	dsDNA_viruses,_no_RNA_stage	Caudovirales	Myoviridae	Unclassified	Unclassified	Unclassified
31	AB243556	Viruses	dsDNA_viruses,_no_RNA_stage	Caudovirales	Siphoviridae	Biseptimavirus	Unclassified	Unclassified
315	AB243556	Viruses	dsDNA_viruses,_no_RNA_stage	Caudovirales	Siphoviridae	Biseptimavirus	Unclassified	Unclassified
217	AB243556	Viruses	dsDNA_viruses,_no_RNA_stage	Caudovirales	Siphoviridae	Biseptimavirus	Unclassified	Unclassified
180	AB243556	Viruses	dsDNA_viruses,_no_RNA_stage	Caudovirales	Siphoviridae	Biseptimavirus	Unclassified	Unclassified
175	AB243556	Viruses	dsDNA_viruses,_no_RNA_stage	Caudovirales	Siphoviridae	Biseptimavirus	Unclassified	Unclassified
81	AB255436	Viruses	dsDNA_viruses,_no_RNA_stage	Caudovirales	Podoviridae	Sepvirinae	Nona33virus	unclassified_Nona33virus
194	AB285204	Viruses	dsDNA_viruses,_no_RNA_stage	Caudovirales	Siphoviridae	Unclassified	Unclassified	Unclassified
105	AB285204	Viruses	dsDNA_viruses,_no_RNA_stage	Caudovirales	Siphoviridae	Unclassified	Unclassified	Unclassified
189	AB285204	Viruses	dsDNA_viruses,_no_RNA_stage	Caudovirales	Siphoviridae	Unclassified	Unclassified	Unclassified
115	AB370205	Viruses	dsDNA_viruses,_no_RNA_stage	Caudovirales	Siphoviridae	Phietavirus	Unclassified	Unclassified
290	AB370205	Viruses	dsDNA_viruses,_no_RNA_stage	Caudovirales	Siphoviridae	Phietavirus	Unclassified	Unclassified
46	AB370205	Viruses	dsDNA_viruses,_no_RNA_stage	Caudovirales	Siphoviridae	Phietavirus	Unclassified	Unclassified
84	AB370205	Viruses	dsDNA_viruses,_no_RNA_stage	Caudovirales	Siphoviridae	Phietavirus	Unclassified	Unclassified
177	AB370205	Viruses	dsDNA_viruses,_no_RNA_stage	Caudovirales	Siphoviridae	Phietavirus	Unclassified	Unclassified
17	AB370205	Viruses	dsDNA_viruses,_no_RNA_stage	Caudovirales	Siphoviridae	Phietavirus	Unclassified	Unclassified
252	AB370205	Viruses	dsDNA_viruses,_no_RNA_stage	Caudovirales	Siphoviridae	Phietavirus	Unclassified	Unclassified
306	AB370205	Viruses	dsDNA_viruses,_no_RNA_stage	Caudovirales	Siphoviridae	Phietavirus	Unclassified	Unclassified
30	AB370205	Viruses	dsDNA_viruses,_no_RNA_stage	Caudovirales	Siphoviridae	Phietavirus	Unclassified	Unclassified
101	AB370205	Viruses	dsDNA_viruses,_no_RNA_stage	Caudovirales	Siphoviridae	Phietavirus	Unclassified	Unclassified
68	AB370205	Viruses	dsDNA_viruses,_no_RNA_stage	Caudovirales	Siphoviridae	Phietavirus	Unclassified	Unclassified
104	AB370205	Viruses	dsDNA_viruses,_no_RNA_stage	Caudovirales	Siphoviridae	Phietavirus	Unclassified	Unclassified
40	AB370205	Viruses	dsDNA_viruses,_no_RNA_stage	Caudovirales	Siphoviridae	Phietavirus	Unclassified	Unclassified
138	AB370205	Viruses	dsDNA_viruses,_no_RNA_stage	Caudovirales	Siphoviridae	Phietavirus	Unclassified	Unclassified
204	AB370205	Viruses	dsDNA_viruses,_no_RNA_stage	Caudovirales	Siphoviridae	Phietavirus	Unclassified	Unclassified
20	AB370268	Viruses	dsDNA_viruses,_no_RNA_stage	Caudovirales	Siphoviridae	Phietavirus	Unclassified	Unclassified
132	AB370268	Viruses	dsDNA_viruses,_no_RNA_stage	Caudovirales	Siphoviridae	Phietavirus	Unclassified	Unclassified
246	AB472900	Viruses	dsDNA_viruses,_no_RNA_stage	Caudovirales	Myoviridae	Unclassified	Unclassified	Unclassified
110	AB472900	Viruses	dsDNA_viruses,_no_RNA_stage	Caudovirales	Myoviridae	Unclassified	Unclassified	Unclassified
95	AB560486	Viruses	dsDNA_viruses,_no_RNA_stage	Caudovirales	Myoviridae	Unclassified	Unclassified	Unclassified
14	AB560486	Viruses	dsDNA_viruses,_no_RNA_stage	Caudovirales	Myoviridae	Unclassified	Unclassified	Unclassified
106	AB560486	Viruses	dsDNA_viruses,_no_RNA_stage	Caudovirales	Myoviridae	Unclassified	Unclassified	Unclassified
173	AB560486	Viruses	dsDNA_viruses,_no_RNA_stage	Caudovirales	Myoviridae	Unclassified	Unclassified	Unclassified
50	AB560486	Viruses	dsDNA_viruses,_no_RNA_stage	Caudovirales	Myoviridae	Unclassified	Unclassified	Unclassified
198	AB597179	Viruses	dsDNA_viruses,_no_RNA_stage	Caudovirales	Podoviridae	Autographivirinae	T7virus	Unclassified
156	AB609718	Viruses	dsDNA_viruses,_no_RNA_stage	Caudovirales	Myoviridae	Spounavirinae	unassigned_Spounavirinae	Unclassified
59	AB609718	Viruses	dsDNA_viruses,_no_RNA_stage	Caudovirales	Myoviridae	Spounavirinae	unassigned_Spounavirinae	Unclassified
109	AB609718	Viruses	dsDNA_viruses,_no_RNA_stage	Caudovirales	Myoviridae	Spounavirinae	unassigned_Spounavirinae	Unclassified
119	AB647160	Viruses	dsDNA_viruses,_no_RNA_stage	Caudovirales	Podoviridae	Una961virus	Unclassified	Unclassified
225	AB711120	Viruses	dsDNA_viruses,_no_RNA_stage	Caudovirales	Siphoviridae	Unclassified	Unclassified	Unclassified
82	AB711120	Viruses	dsDNA_viruses,_no_RNA_stage	Caudovirales	Siphoviridae	Unclassified	Unclassified	Unclassified
87	AB711120	Viruses	dsDNA_viruses,_no_RNA_stage	Caudovirales	Siphoviridae	Unclassified	Unclassified	Unclassified
184	AB711120	Viruses	dsDNA_viruses,_no_RNA_stage	Caudovirales	Siphoviridae	Unclassified	Unclassified	Unclassified
76	AB711120	Viruses	dsDNA_viruses,_no_RNA_stage	Caudovirales	Siphoviridae	Unclassified	Unclassified	Unclassified
199	AB712291	Viruses	dsDNA_viruses,_no_RNA_stage	Caudovirales	Siphoviridae	Sap6virus	Unclassified	Unclassified
298	AB712291	Viruses	dsDNA_viruses,_no_RNA_stage	Caudovirales	Siphoviridae	Sap6virus	Unclassified	Unclassified
313	AB720063	Viruses	dsDNA_viruses,_no_RNA_stage	Caudovirales	Siphoviridae	Xp10virus	Unclassified	Unclassified
125	AB720063	Viruses	dsDNA_viruses,_no_RNA_stage	Caudovirales	Siphoviridae	Xp10virus	Unclassified	Unclassified
117	AB720063	Viruses	dsDNA_viruses,_no_RNA_stage	Caudovirales	Siphoviridae	Xp10virus	Unclassified	Unclassified
103	AB720063	Viruses	dsDNA_viruses,_no_RNA_stage	Caudovirales	Siphoviridae	Xp10virus	Unclassified	Unclassified
0	AB720064	Viruses	dsDNA_viruses,_no_RNA_stage	Caudovirales	Podoviridae	Unclassified	Unclassified	Unclassified
195	AB767244	Viruses	dsDNA_viruses,_no_RNA_stage	Caudovirales	Myoviridae	Unclassified	Unclassified	Unclassified
107	AB823818	Viruses	dsDNA_viruses,_no_RNA_stage	Caudovirales	Unclassified	Unclassified	Unclassified	Unclassified
228	AB823818	Viruses	dsDNA_viruses,_no_RNA_stage	Caudovirales	Unclassified	Unclassified	Unclassified	Unclassified
187	AB823818	Viruses	dsDNA_viruses,_no_RNA_stage	Caudovirales	Unclassified	Unclassified	Unclassified	Unclassified
69	AB823818	Viruses	dsDNA_viruses,_no_RNA_stage	Caudovirales	Unclassified	Unclassified	Unclassified	Unclassified
267	AB823818	Viruses	dsDNA_viruses,_no_RNA_stage	Caudovirales	Unclassified	Unclassified	Unclassified	Unclassified
10	AB823818	Viruses	dsDNA_viruses,_no_RNA_stage	Caudovirales	Unclassified	Unclassified	Unclassified	Unclassified
300	AB823818	Viruses	dsDNA_viruses,_no_RNA_stage	Caudovirales	Unclassified	Unclassified	Unclassified	Unclassified
12	AB823818	Viruses	dsDNA_viruses,_no_RNA_stage	Caudovirales	Unclassified	Unclassified	Unclassified	Unclassified
2	AB823818	Viruses	dsDNA_viruses,_no_RNA_stage	Caudovirales	Unclassified	Unclassified	Unclassified	Unclassified
169	AB823818	Viruses	dsDNA_viruses,_no_RNA_stage	Caudovirales	Unclassified	Unclassified	Unclassified	Unclassified
131	AB823818	Viruses	dsDNA_viruses,_no_RNA_stage	Caudovirales	Unclassified	Unclassified	Unclassified	Unclassified
247	AB903967	Viruses	dsDNA_viruses,_no_RNA_stage	Caudovirales	Myoviridae	Spounavirinae	Kayvirus	Unclassified
26	AF009630	Viruses	dsDNA_viruses,_no_RNA_stage	Caudovirales	Siphoviridae	Sk1virus	Unclassified	Unclassified
41	AF009630	Viruses	dsDNA_viruses,_no_RNA_stage	Caudovirales	Siphoviridae	Sk1virus	Unclassified	Unclassified
226	AF020713	Viruses	dsDNA_viruses,_no_RNA_stage	Caudovirales	Siphoviridae	Spbetavirus	Unclassified	Unclassified
93	AF020713	Viruses	dsDNA_viruses,_no_RNA_stage	Caudovirales	Siphoviridae	Spbetavirus	Unclassified	Unclassified
80	AF020713	Viruses	dsDNA_viruses,_no_RNA_stage	Caudovirales	Siphoviridae	Spbetavirus	Unclassified	Unclassified
133	AF020713	Viruses	dsDNA_viruses,_no_RNA_stage	Caudovirales	Siphoviridae	Spbetavirus	Unclassified	Unclassified
172	AF020713	Viruses	dsDNA_viruses,_no_RNA_stage	Caudovirales	Siphoviridae	Spbetavirus	Unclassified	Unclassified
38	AF020713	Viruses	dsDNA_viruses,_no_RNA_stage	Caudovirales	Siphoviridae	Spbetavirus	Unclassified	Unclassified
48	AF020713	Viruses	dsDNA_viruses,_no_RNA_stage	Caudovirales	Siphoviridae	Spbetavirus	Unclassified	Unclassified
141	AF020713	Viruses	dsDNA_viruses,_no_RNA_stage	Caudovirales	Siphoviridae	Spbetavirus	Unclassified	Unclassified
7	AF020713	Viruses	dsDNA_viruses,_no_RNA_stage	Caudovirales	Siphoviridae	Spbetavirus	Unclassified	Unclassified
121	AF020713	Viruses	dsDNA_viruses,_no_RNA_stage	Caudovirales	Siphoviridae	Spbetavirus	Unclassified	Unclassified
171	AF022214	Viruses	dsDNA_viruses,_no_RNA_stage	Caudovirales	Siphoviridae	L5virus	Unclassified	Unclassified
65	AF030027	Viruses	dsDNA_viruses,_no_RNA_stage	Herpesvirales	Herpesviridae	Alphaherpesvirinae	Varicellovirus	Unclassified
142	AF063866	Viruses	dsDNA_viruses,_no_RNA_stage	Poxviridae	Entomopoxvirinae	Unclassified	Unclassified	Unclassified
200	AF064539	Viruses	dsDNA_viruses,_no_RNA_stage	Caudovirales	Siphoviridae	N15virus	Unclassified	Unclassified
102	AF068845	Viruses	dsDNA_viruses,_no_RNA_stage	Caudovirales	Siphoviridae	Tm4virus	Unclassified	Unclassified
23	AF068845	Viruses	dsDNA_viruses,_no_RNA_stage	Caudovirales	Siphoviridae	Tm4virus	Unclassified	Unclassified
164	AF069308	Viruses	dsDNA_viruses,_no_RNA_stage	Caudovirales	Siphoviridae	Hk97virus	Unclassified	Unclassified
116	AF083977	Viruses	dsDNA_viruses,_no_RNA_stage	Caudovirales	Myoviridae	Muvirus	Unclassified	Unclassified
22	AF085222	Viruses	dsDNA_viruses,_no_RNA_stage	Caudovirales	Siphoviridae	Sfi21dt1virus	Unclassified	Unclassified
153	AF109874	Viruses	dsDNA_viruses,_no_RNA_stage	Caudovirales	Siphoviridae	Unclassified	Unclassified	Unclassified
259	AF109874	Viruses	dsDNA_viruses,_no_RNA_stage	Caudovirales	Siphoviridae	Unclassified	Unclassified	Unclassified
308	AF109874	Viruses	dsDNA_viruses,_no_RNA_stage	Caudovirales	Siphoviridae	Unclassified	Unclassified	Unclassified
9	AF109874	Viruses	dsDNA_viruses,_no_RNA_stage	Caudovirales	Siphoviridae	Unclassified	Unclassified	Unclassified
112	AF109874	Viruses	dsDNA_viruses,_no_RNA_stage	Caudovirales	Siphoviridae	Unclassified	Unclassified	Unclassified
210	AF109874	Viruses	dsDNA_viruses,_no_RNA_stage	Caudovirales	Siphoviridae	Unclassified	Unclassified	Unclassified
37	AF115102	Viruses	dsDNA_viruses,_no_RNA_stage	Caudovirales	Siphoviridae	Sfi21dt1virus	Unclassified	Unclassified
165	AF157835	Viruses	dsDNA_viruses,_no_RNA_stage	Caudovirales	Podoviridae	Unclassified	Unclassified	Unclassified
97	AF157835	Viruses	dsDNA_viruses,_no_RNA_stage	Caudovirales	Podoviridae	Unclassified	Unclassified	Unclassified
118	AF158101	Viruses	dsDNA_viruses,_no_RNA_stage	Caudovirales	Myoviridae	Tevenvirinae	T4virus	Unclassified
296	AF158101	Viruses	dsDNA_viruses,_no_RNA_stage	Caudovirales	Myoviridae	Tevenvirinae	T4virus	Unclassified
176	AF158600	Viruses	dsDNA_viruses,_no_RNA_stage	Caudovirales	Siphoviridae	Sfi11virus	Unclassified	Unclassified
278	AF158600	Viruses	dsDNA_viruses,_no_RNA_stage	Caudovirales	Siphoviridae	Sfi11virus	Unclassified	Unclassified
291	AF158600	Viruses	dsDNA_viruses,_no_RNA_stage	Caudovirales	Siphoviridae	Sfi11virus	Unclassified	Unclassified
140	AF158600	Viruses	dsDNA_viruses,_no_RNA_stage	Caudovirales	Siphoviridae	Sfi11virus	Unclassified	Unclassified
191	AF165214	Viruses	dsDNA_viruses,_no_RNA_stage	Caudovirales	Siphoviridae	D3virus	Unclassified	Unclassified
127	AF176025	Viruses	dsDNA_viruses,_no_RNA_stage	Caudovirales	Siphoviridae	Unclassified	Unclassified	Unclassified
297	AF189021	Viruses	dsDNA_viruses,_no_RNA_stage	Caudovirales	Podoviridae	Unclassified	Unclassified	Unclassified
86	AF242738	Viruses	dsDNA_viruses,_no_RNA_stage	Caudovirales	Siphoviridae	Unclassified	Unclassified	Unclassified
13	AF242738	Viruses	dsDNA_viruses,_no_RNA_stage	Caudovirales	Siphoviridae	Unclassified	Unclassified	Unclassified
71	AF242738	Viruses	dsDNA_viruses,_no_RNA_stage	Caudovirales	Siphoviridae	Unclassified	Unclassified	Unclassified
111	AF242738	Viruses	dsDNA_viruses,_no_RNA_stage	Caudovirales	Siphoviridae	Unclassified	Unclassified	Unclassified
304	AF323668	Viruses	dsDNA_viruses,_no_RNA_stage	Caudovirales	Siphoviridae	Unclassified	Unclassified	Unclassified
113	AF323668	Viruses	dsDNA_viruses,_no_RNA_stage	Caudovirales	Siphoviridae	Unclassified	Unclassified	Unclassified
234	AF323668	Viruses	dsDNA_viruses,_no_RNA_stage	Caudovirales	Siphoviridae	Unclassified	Unclassified	Unclassified
54	AF323668	Viruses	dsDNA_viruses,_no_RNA_stage	Caudovirales	Siphoviridae	Unclassified	Unclassified	Unclassified
136	AF323670	Viruses	dsDNA_viruses,_no_RNA_stage	Caudovirales	Siphoviridae	Unclassified	Unclassified	Unclassified
192	AF323672	Viruses	dsDNA_viruses,_no_RNA_stage	Caudovirales	Siphoviridae	Unclassified	Unclassified	Unclassified
211	AF335538	Viruses	dsDNA_viruses,_no_RNA_stage	Caudovirales	Podoviridae	P22virus	Unclassified	Unclassified
16	AF396866	Viruses	dsDNA_viruses,_no_RNA_stage	Caudovirales	Podoviridae	Unclassified	Unclassified	Unclassified
149	AF396866	Viruses	dsDNA_viruses,_no_RNA_stage	Caudovirales	Podoviridae	Unclassified	Unclassified	Unclassified
60	AF424783	Viruses	dsDNA_viruses,_no_RNA_stage	Caudovirales	Siphoviridae	Biseptimavirus	Unclassified	Unclassified
134	AF448724	Viruses	dsDNA_viruses,_no_RNA_stage	Caudovirales	Podoviridae	Unclassified	Unclassified	Unclassified
174	AF448724	Viruses	dsDNA_viruses,_no_RNA_stage	Caudovirales	Podoviridae	Unclassified	Unclassified	Unclassified
181	AJ131519	Viruses	dsDNA_viruses,_no_RNA_stage	Caudovirales	Siphoviridae	Unclassified	Unclassified	Unclassified
123	AJ242593	Viruses	dsDNA_viruses,_no_RNA_stage	Caudovirales	Siphoviridae	Unclassified	Unclassified	Unclassified
218	AJ242593	Viruses	dsDNA_viruses,_no_RNA_stage	Caudovirales	Siphoviridae	Unclassified	Unclassified	Unclassified
237	AJ242593	Viruses	dsDNA_viruses,_no_RNA_stage	Caudovirales	Siphoviridae	Unclassified	Unclassified	Unclassified
52	AJ242593	Viruses	dsDNA_viruses,_no_RNA_stage	Caudovirales	Siphoviridae	Unclassified	Unclassified	Unclassified
77	AJ242593	Viruses	dsDNA_viruses,_no_RNA_stage	Caudovirales	Siphoviridae	Unclassified	Unclassified	Unclassified
235	AJ242593	Viruses	dsDNA_viruses,_no_RNA_stage	Caudovirales	Siphoviridae	Unclassified	Unclassified	Unclassified
128	AJ298298	Viruses	dsDNA_viruses,_no_RNA_stage	Caudovirales	Myoviridae	Unclassified	Unclassified	Unclassified
36	AJ302074	Viruses	dsDNA_viruses,_no_RNA_stage	Caudovirales	Siphoviridae	Unclassified	Unclassified	Unclassified
245	AJ302074	Viruses	dsDNA_viruses,_no_RNA_stage	Caudovirales	Siphoviridae	Unclassified	Unclassified	Unclassified
158	AJ302074	Viruses	dsDNA_viruses,_no_RNA_stage	Caudovirales	Siphoviridae	Unclassified	Unclassified	Unclassified
18	AJ302074	Viruses	dsDNA_viruses,_no_RNA_stage	Caudovirales	Siphoviridae	Unclassified	Unclassified	Unclassified
91	AJ302074	Viruses	dsDNA_viruses,_no_RNA_stage	Caudovirales	Siphoviridae	Unclassified	Unclassified	Unclassified
63	AJ842011	Viruses	dsDNA_viruses,_no_RNA_stage	Caudovirales	Siphoviridae	Unclassified	Unclassified	Unclassified
242	AJ842011	Viruses	dsDNA_viruses,_no_RNA_stage	Caudovirales	Siphoviridae	Unclassified	Unclassified	Unclassified
62	AJ842011	Viruses	dsDNA_viruses,_no_RNA_stage	Caudovirales	Siphoviridae	Unclassified	Unclassified	Unclassified
282	AJ842011	Viruses	dsDNA_viruses,_no_RNA_stage	Caudovirales	Siphoviridae	Unclassified	Unclassified	Unclassified
292	AM156909	Viruses	dsDNA_viruses,_no_RNA_stage	Caudovirales	Siphoviridae	Tunavirinae	Rtpvirus	Unclassified
239	AP008954	Viruses	dsDNA_viruses,_no_RNA_stage	Caudovirales	Siphoviridae	Phietavirus	Unclassified	Unclassified
232	AP008983	Viruses	dsDNA_viruses,_no_RNA_stage	Caudovirales	Myoviridae	Unclassified	Unclassified	Unclassified
145	AP008983	Viruses	dsDNA_viruses,_no_RNA_stage	Caudovirales	Myoviridae	Unclassified	Unclassified	Unclassified
61	AP008983	Viruses	dsDNA_viruses,_no_RNA_stage	Caudovirales	Myoviridae	Unclassified	Unclassified	Unclassified
258	AP008986	Viruses	dsDNA_viruses,_no_RNA_stage	Caudovirales	Myoviridae	Unclassified	Unclassified	Unclassified
168	AP008986	Viruses	dsDNA_viruses,_no_RNA_stage	Caudovirales	Myoviridae	Unclassified	Unclassified	Unclassified
137	AP013358	Viruses	environmental_samples	Unclassified	Unclassified	Unclassified	Unclassified	Unclassified
262	AP013358	Viruses	environmental_samples	Unclassified	Unclassified	Unclassified	Unclassified	Unclassified
124	AP013391	Viruses	environmental_samples	Unclassified	Unclassified	Unclassified	Unclassified	Unclassified
163	AP013464	Viruses	environmental_samples	Unclassified	Unclassified	Unclassified	Unclassified	Unclassified
74	AP013471	Viruses	environmental_samples	Unclassified	Unclassified	Unclassified	Unclassified	Unclassified
179	AP013508	Viruses	environmental_samples	Unclassified	Unclassified	Unclassified	Unclassified	Unclassified
257	AP013511	Viruses	environmental_samples	Unclassified	Unclassified	Unclassified	Unclassified	Unclassified
275	AP013512	Viruses	environmental_samples	Unclassified	Unclassified	Unclassified	Unclassified	Unclassified
230	AP013512	Viruses	environmental_samples	Unclassified	Unclassified	Unclassified	Unclassified	Unclassified
162	AP013513	Viruses	environmental_samples	Unclassified	Unclassified	Unclassified	Unclassified	Unclassified
143	AP013514	Viruses	environmental_samples	Unclassified	Unclassified	Unclassified	Unclassified	Unclassified
190	AP013514	Viruses	environmental_samples	Unclassified	Unclassified	Unclassified	Unclassified	Unclassified
44	AP013521	Viruses	environmental_samples	Unclassified	Unclassified	Unclassified	Unclassified	Unclassified
3	AP013521	Viruses	environmental_samples	Unclassified	Unclassified	Unclassified	Unclassified	Unclassified
126	AP013541	Viruses	environmental_samples	Unclassified	Unclassified	Unclassified	Unclassified	Unclassified
24	AY082070	Viruses	dsDNA_viruses,_no_RNA_stage	Caudovirales	Siphoviridae	Unclassified	Unclassified	Unclassified
266	AY131267	Viruses	dsDNA_viruses,_no_RNA_stage	Caudovirales	Siphoviridae	Unclassified	Unclassified	Unclassified
288	AY526908	Viruses	dsDNA_viruses,_no_RNA_stage	Caudovirales	Podoviridae	Unclassified	Unclassified	Unclassified
72	AY616033	Viruses	dsDNA_viruses,_no_RNA_stage	Caudovirales	Myoviridae	Unclassified	Unclassified	Unclassified
318	AY653733	Viruses	dsDNA_viruses,_no_RNA_stage	Mimiviridae	Mimivirus	Unclassified	Unclassified	Unclassified
150	AY653733	Viruses	dsDNA_viruses,_no_RNA_stage	Mimiviridae	Mimivirus	Unclassified	Unclassified	Unclassified
64	AY653733	Viruses	dsDNA_viruses,_no_RNA_stage	Mimiviridae	Mimivirus	Unclassified	Unclassified	Unclassified
85	AY653733	Viruses	dsDNA_viruses,_no_RNA_stage	Mimiviridae	Mimivirus	Unclassified	Unclassified	Unclassified
323	AY653733	Viruses	dsDNA_viruses,_no_RNA_stage	Mimiviridae	Mimivirus	Unclassified	Unclassified	Unclassified
284	AY714813	Viruses	dsDNA_viruses,_no_RNA_stage	Herpesvirales	Herpesviridae	Alphaherpesvirinae	Simplexvirus	Unclassified
206	AY772740	Viruses	dsDNA_viruses,_no_RNA_stage	Caudovirales	Siphoviridae	Unclassified	Unclassified	Unclassified
144	AY772740	Viruses	dsDNA_viruses,_no_RNA_stage	Caudovirales	Siphoviridae	Unclassified	Unclassified	Unclassified
264	AY855346	Viruses	dsDNA_viruses,_no_RNA_stage	Caudovirales	Myoviridae	Cd119virus	Unclassified	Unclassified
6	AY954963	Viruses	dsDNA_viruses,_no_RNA_stage	Caudovirales	Siphoviridae	Phietavirus	Unclassified	Unclassified
216	AY986977	Viruses	dsDNA_viruses,_no_RNA_stage	Caudovirales	Unclassified	Unclassified	Unclassified	Unclassified
25	BK001744	Viruses	dsDNA_viruses,_no_RNA_stage	Herpesvirales	Herpesviridae	Alphaherpesvirinae	Varicellovirus	Unclassified
201	CP003186	Viruses	dsDNA_viruses,_no_RNA_stage	Caudovirales	Siphoviridae	Unclassified	Unclassified	Unclassified
219	DQ003638	Viruses	dsDNA_viruses,_no_RNA_stage	Caudovirales	Myoviridae	Spounavirinae	P100virus	Unclassified
78	DQ003638	Viruses	dsDNA_viruses,_no_RNA_stage	Caudovirales	Myoviridae	Spounavirinae	P100virus	Unclassified
222	DQ003640	Viruses	dsDNA_viruses,_no_RNA_stage	Caudovirales	Siphoviridae	Unclassified	Unclassified	Unclassified
96	DQ890022	Viruses	dsDNA_viruses,_no_RNA_stage	Phycodnaviridae	Chlorovirus	Unclassified	Unclassified	Unclassified
299	DQ890022	Viruses	dsDNA_viruses,_no_RNA_stage	Phycodnaviridae	Chlorovirus	Unclassified	Unclassified	Unclassified
186	EF583821	Viruses	dsDNA_viruses,_no_RNA_stage	Caudovirales	Myoviridae	Unclassified	Unclassified	Unclassified
152	EU081845	Viruses	dsDNA_viruses,_no_RNA_stage	Caudovirales	Siphoviridae	Unclassified	Unclassified	Unclassified
83	EU081845	Viruses	dsDNA_viruses,_no_RNA_stage	Caudovirales	Siphoviridae	Unclassified	Unclassified	Unclassified
21	EU081845	Viruses	dsDNA_viruses,_no_RNA_stage	Caudovirales	Siphoviridae	Unclassified	Unclassified	Unclassified
183	EU081845	Viruses	dsDNA_viruses,_no_RNA_stage	Caudovirales	Siphoviridae	Unclassified	Unclassified	Unclassified
114	EU081845	Viruses	dsDNA_viruses,_no_RNA_stage	Caudovirales	Siphoviridae	Unclassified	Unclassified	Unclassified
157	EU081845	Viruses	dsDNA_viruses,_no_RNA_stage	Caudovirales	Siphoviridae	Unclassified	Unclassified	Unclassified
286	EU081845	Viruses	dsDNA_viruses,_no_RNA_stage	Caudovirales	Siphoviridae	Unclassified	Unclassified	Unclassified
254	EU081845	Viruses	dsDNA_viruses,_no_RNA_stage	Caudovirales	Siphoviridae	Unclassified	Unclassified	Unclassified
185	EU081845	Viruses	dsDNA_viruses,_no_RNA_stage	Caudovirales	Siphoviridae	Unclassified	Unclassified	Unclassified
280	EU081845	Viruses	dsDNA_viruses,_no_RNA_stage	Caudovirales	Siphoviridae	Unclassified	Unclassified	Unclassified
15	EU081845	Viruses	dsDNA_viruses,_no_RNA_stage	Caudovirales	Siphoviridae	Unclassified	Unclassified	Unclassified
240	EU081845	Viruses	dsDNA_viruses,_no_RNA_stage	Caudovirales	Siphoviridae	Unclassified	Unclassified	Unclassified
35	EU081845	Viruses	dsDNA_viruses,_no_RNA_stage	Caudovirales	Siphoviridae	Unclassified	Unclassified	Unclassified
75	EU081845	Viruses	dsDNA_viruses,_no_RNA_stage	Caudovirales	Siphoviridae	Unclassified	Unclassified	Unclassified
161	EU622808	Viruses	dsDNA_viruses,_no_RNA_stage	Caudovirales	Podoviridae	Picovirinae	Phi29virus	Unclassified
227	EU622808	Viruses	dsDNA_viruses,_no_RNA_stage	Caudovirales	Podoviridae	Picovirinae	Phi29virus	Unclassified
285	EU622808	Viruses	dsDNA_viruses,_no_RNA_stage	Caudovirales	Podoviridae	Picovirinae	Phi29virus	Unclassified
287	FJ008913	Viruses	dsDNA_viruses,_no_RNA_stage	Caudovirales	Siphoviridae	Unclassified	Unclassified	Unclassified
100	FJ008913	Viruses	dsDNA_viruses,_no_RNA_stage	Caudovirales	Siphoviridae	Unclassified	Unclassified	Unclassified
221	FJ008913	Viruses	dsDNA_viruses,_no_RNA_stage	Caudovirales	Siphoviridae	Unclassified	Unclassified	Unclassified
182	FJ230960	Viruses	dsDNA_viruses,_no_RNA_stage	Caudovirales	Myoviridae	Spounavirinae	Spo1virus	Unclassified
213	FJ230960	Viruses	dsDNA_viruses,_no_RNA_stage	Caudovirales	Myoviridae	Spounavirinae	Spo1virus	Unclassified
241	FJ230960	Viruses	dsDNA_viruses,_no_RNA_stage	Caudovirales	Myoviridae	Spounavirinae	Spo1virus	Unclassified
151	FJ230960	Viruses	dsDNA_viruses,_no_RNA_stage	Caudovirales	Myoviridae	Spounavirinae	Spo1virus	Unclassified
269	FJ429185	Viruses	dsDNA_viruses,_no_RNA_stage	Caudovirales	Siphoviridae	Unclassified	Unclassified	Unclassified
89	FJ965538	Viruses	dsDNA_viruses,_no_RNA_stage	Caudovirales	Siphoviridae	Unclassified	Unclassified	Unclassified
197	FN297812	Viruses	dsDNA_viruses,_no_RNA_stage	Caudovirales	Myoviridae	Vhmlvirus	Unclassified	Unclassified
120	FN386611	Viruses	dsDNA_viruses,_no_RNA_stage	Phycodnaviridae	Prasinovirus	unclassified_Prasinovirus	Unclassified	Unclassified
90	FR775895	Viruses	dsDNA_viruses,_no_RNA_stage	Caudovirales	Myoviridae	Unclassified	Unclassified	Unclassified
147	GQ241246	Viruses	dsDNA_viruses,_no_RNA_stage	Caudovirales	Siphoviridae	Unclassified	Unclassified	Unclassified
148	GU071101	Viruses	dsDNA_viruses,_no_RNA_stage	Caudovirales	Myoviridae	Unclassified	Unclassified	Unclassified
51	GU244497	Viruses	dsDNA_viruses,_no_RNA_stage	Mimiviridae	Cafeteriavirus	Unclassified	Unclassified	Unclassified
170	GU557055	Viruses	dsDNA_viruses,_no_RNA_stage	Caudovirales	Podoviridae	Unclassified	Unclassified	Unclassified
294	GU580941	Viruses	dsDNA_viruses,_no_RNA_stage	Caudovirales	Siphoviridae	Pepy6virus	Unclassified	Unclassified
154	GU967410	Viruses	dsDNA_viruses,_no_RNA_stage	Caudovirales	Myoviridae	Unclassified	Unclassified	Unclassified
274	HQ316604	Viruses	dsDNA_viruses,_no_RNA_stage	Caudovirales	Siphoviridae	Unclassified	Unclassified	Unclassified
79	HQ396194	Viruses	dsDNA_viruses,_no_RNA_stage	Caudovirales	Siphoviridae	Unclassified	Unclassified	Unclassified
238	HQ683709	Viruses	dsDNA_viruses,_no_RNA_stage	Caudovirales	Podoviridae	Unclassified	Unclassified	Unclassified
307	HQ683709	Viruses	dsDNA_viruses,_no_RNA_stage	Caudovirales	Podoviridae	Unclassified	Unclassified	Unclassified
19	HQ683709	Viruses	dsDNA_viruses,_no_RNA_stage	Caudovirales	Podoviridae	Unclassified	Unclassified	Unclassified
231	HQ683709	Viruses	dsDNA_viruses,_no_RNA_stage	Caudovirales	Podoviridae	Unclassified	Unclassified	Unclassified
146	HQ683709	Viruses	dsDNA_viruses,_no_RNA_stage	Caudovirales	Podoviridae	Unclassified	Unclassified	Unclassified
223	JN712910	Viruses	dsDNA_viruses,_no_RNA_stage	Caudovirales	Myoviridae	Unclassified	Unclassified	Unclassified
135	JN882285	Viruses	dsDNA_viruses,_no_RNA_stage	Caudovirales	Myoviridae	Unclassified	Unclassified	Unclassified
160	JN882285	Viruses	dsDNA_viruses,_no_RNA_stage	Caudovirales	Myoviridae	Unclassified	Unclassified	Unclassified
289	JX100810	Viruses	dsDNA_viruses,_no_RNA_stage	Caudovirales	Siphoviridae	Unclassified	Unclassified	Unclassified
251	JX507079	Viruses	dsDNA_viruses,_no_RNA_stage	Caudovirales	Myoviridae	Unclassified	Unclassified	Unclassified
295	KC821624	Viruses	unclassified_bacterial_viruses	Unclassified	Unclassified	Unclassified	Unclassified	Unclassified
196	KC821624	Viruses	unclassified_bacterial_viruses	Unclassified	Unclassified	Unclassified	Unclassified	Unclassified
166	KC977570	Viruses	dsDNA_viruses,_no_RNA_stage	unclassified_dsDNA_viruses	Unclassified	Unclassified	Unclassified	Unclassified
276	KJ173786	Viruses	dsDNA_viruses,_no_RNA_stage	Caudovirales	Siphoviridae	Unclassified	Unclassified	Unclassified
67	KJ510413	Viruses	dsDNA_viruses,_no_RNA_stage	Caudovirales	Siphoviridae	Bernal13virus	Unclassified	Unclassified
